timestamp,ax,ay,az,gx,gy,gz,p1,p2
0,5.52,6.44,-7.4,-0.35,0.34,-0.29,21,8
22,6.38,6.43,-5.19,-0.37,0.34,-0.11,21,9
44,6.86,6.42,-4.42,-0.16,-0.02,-0.16,22,9
66,6.37,6.2,-5.38,-0.09,-0.27,-0.28,21,14
88,5.93,6.51,-6.42,-0.16,-0.36,-0.39,23,16
110,5.53,6.69,-6.16,-0.23,-0.41,-0.36,22,15
132,5.14,6.95,-6.09,-0.24,-0.43,-0.28,25,14
154,5.04,6.78,-5.99,-0.17,-0.32,-0.09,22,22
176,5.3,6.26,-6.19,-0.13,-0.18,0.01,23,22
198,5.79,6.28,-6.38,-0.06,-0.05,-0.08,22,27
220,5.11,6.83,-6.29,0.02,-0.05,-0.09,22,32
242,5.04,6.55,-6.37,0.04,0.06,0.05,21,18
264,5.54,6.51,-6.47,-0.06,0.2,0.09,23,26
286,5.6,6.78,-6.1,-0.11,0.23,0.01,20,25
308,5.44,6.82,-5.52,-0.07,0.11,-0.03,21,23
330,5.48,7.01,-5.7,0.02,-0.02,-0.06,23,26
352,5.42,6.66,-6.15,-0.02,-0.05,-0.01,26,24
374,5.68,6.64,-6.13,-0.07,-0.06,-0.04,22,21
396,5.41,6.39,-6.4,-0.1,-0.12,-0.09,21,23
418,5.61,6.39,-6.34,-0.18,-0.11,-0.15,28,25
440,5.32,6.44,-6.35,-0.25,-0.08,-0.16,25,21
462,5.22,6.79,-5.88,-0.25,-0.02,-0.09,23,24
484,5.53,6.75,-5.86,-0.22,-0.04,-0.11,22,23
506,5.42,6.91,-5.81,-0.2,-0.03,-0.13,18,27
528,5.25,7.17,-5.65,-0.09,-0.04,-0.08,23,25
550,5.07,6.82,-5.63,-0.04,-0.05,-0.05,23,22
572,5.27,6.98,-5.81,0.03,-0.02,-0.03,25,33
594,5.13,7.0,-6.09,0.04,0.01,-0.01,26,25
616,5.0,6.73,-6.05,0.04,0.06,0.05,22,22
638,5.29,6.78,-6.22,-0.01,0.11,0.05,21,26
660,5.26,6.82,-6.04,-0.03,0.11,0.01,21,24
682,5.34,6.9,-5.6,-0.0,0.06,0.03,24,29
704,5.47,6.77,-5.74,0.03,0.03,0.01,25,23
726,5.24,6.88,-5.92,0.03,-0.01,-0.01,25,27
748,5.16,6.81,-6.14,0.01,0.01,0.03,21,16
770,5.38,6.96,-5.94,0.02,0.02,0.02,25,7
792,5.12,6.84,-5.88,0.03,0.0,0.02,23,28
814,5.25,6.85,-5.85,0.03,0.02,0.08,20,22
836,5.44,6.66,-5.78,0.04,0.0,0.08,22,20
858,5.36,6.64,-6.05,0.06,-0.03,0.04,21,22
880,5.32,6.68,-6.32,0.02,-0.01,0.01,22,18
902,5.25,6.78,-6.05,-0.01,0.01,0.01,23,21
924,5.39,6.8,-5.85,0.01,0.05,0.01,21,25
946,5.37,6.83,-5.97,0.03,0.03,0.01,26,19
968,5.4,6.8,-5.88,0.05,-0.02,-0.01,26,23
990,5.26,6.8,-5.97,0.06,-0.01,0.0,21,27
1012,5.26,6.76,-6.06,0.04,-0.02,0.03,19,17
1034,5.27,6.63,-6.17,0.03,0.0,0.05,23,17
1056,5.33,6.58,-6.23,0.01,0.02,0.03,22,20
1078,5.48,6.56,-6.09,-0.01,0.03,-0.0,22,29
1100,5.43,6.58,-6.19,-0.01,0.04,-0.03,20,15
1122,5.32,6.87,-6.06,0.02,0.04,-0.07,22,18
1144,5.17,6.71,-6.03,0.02,0.03,-0.04,23,15
1166,5.44,6.79,-6.09,0.0,0.01,-0.02,22,14
1188,5.32,6.7,-6.0,0.02,-0.0,-0.03,20,13
1210,5.24,6.69,-6.12,0.03,0.03,-0.04,20,17
1232,5.23,6.66,-6.21,0.01,0.07,-0.03,23,10
1254,5.29,6.73,-6.15,-0.01,0.1,-0.03,22,11
1276,5.32,6.76,-5.95,0.0,0.05,-0.03,20,11
1298,5.36,6.8,-5.96,0.02,0.02,-0.03,20,14
1320,5.29,6.65,-6.06,0.01,-0.02,-0.03,20,7
1342,5.28,6.68,-6.12,-0.0,0.01,-0.03,21,14
1364,5.2,6.64,-6.26,-0.02,0.05,-0.03,25,14
1386,5.24,6.79,-6.2,-0.04,0.08,-0.01,22,10
1408,5.25,6.77,-5.92,-0.02,0.06,-0.02,21,14
1430,5.32,6.77,-5.91,-0.0,0.04,-0.01,19,14
1452,5.35,6.73,-6.0,0.03,0.01,-0.02,19,6
1474,5.32,6.71,-6.1,0.04,0.01,-0.03,23,9
1496,5.24,6.57,-6.15,0.02,-0.01,-0.03,25,6
1518,5.33,6.75,-6.17,0.02,0.02,-0.02,23,6
1540,5.24,6.7,-6.05,0.02,0.04,-0.01,23,15
1562,5.33,6.55,-6.21,-0.02,0.04,-0.03,23,12
1584,5.18,6.68,-6.12,-0.04,0.06,-0.04,23,11
1611,5.26,6.88,-6.07,-0.02,0.07,-0.02,21,3
1633,5.18,6.83,-5.95,-0.0,0.04,0.0,22,8
1655,5.37,6.64,-6.11,0.01,0.02,0.0,24,12
1677,5.21,6.76,-6.13,0.0,-0.0,-0.01,20,7
1699,5.13,6.69,-6.22,0.0,0.05,0.01,21,15
1721,5.29,6.68,-6.15,-0.01,0.09,0.01,19,5
1743,5.26,6.67,-6.12,-0.02,0.12,0.01,23,6
1765,5.15,6.71,-6.08,-0.01,0.19,0.04,20,5
1787,5.32,6.73,-6.24,-0.03,0.24,0.07,22,11
1809,5.56,6.77,-5.94,-0.05,0.17,0.06,17,9
1831,5.21,6.67,-5.77,-0.04,0.1,0.04,20,11
1853,5.49,6.71,-5.86,0.02,0.01,-0.01,23,10
1875,5.34,6.56,-6.09,-0.0,-0.01,-0.05,20,13
1897,5.32,6.68,-6.15,-0.03,0.02,-0.03,21,9
1919,5.38,6.73,-6.11,-0.04,0.04,-0.02,19,13
1941,5.38,6.76,-5.99,-0.03,0.03,-0.03,22,13
1963,5.4,6.79,-5.98,-0.0,0.04,-0.02,21,14
1985,5.46,6.71,-6.0,-0.0,0.02,-0.03,20,12
2007,5.42,6.7,-6.0,-0.01,0.03,-0.02,19,11
2029,5.32,6.76,-6.1,-0.01,0.04,0.0,21,10
2051,5.38,6.78,-5.96,0.0,0.03,-0.01,22,14
2073,5.38,6.74,-6.1,0.0,0.04,-0.01,27,6
2095,5.34,6.82,-5.96,-0.01,0.04,0.0,22,13
2117,5.36,6.71,-5.99,0.0,0.02,0.01,20,13
2139,5.41,6.62,-6.19,-0.03,0.03,-0.01,20,19
2161,5.4,6.74,-6.12,-0.04,0.05,-0.0,23,10
2183,5.36,6.66,-6.1,-0.02,0.06,0.01,20,14
2205,5.46,6.73,-6.0,-0.03,0.06,0.0,27,11
2227,5.46,6.79,-5.93,-0.03,0.04,-0.02,21,12
2249,5.31,6.84,-5.78,-0.01,-0.01,-0.01,21,19
2271,5.31,6.73,-6.01,0.01,-0.01,0.0,21,9
2293,5.24,6.68,-6.13,-0.02,0.03,0.01,27,15
2315,5.42,6.72,-6.05,-0.04,0.06,0.01,25,11
2337,5.46,6.75,-5.89,-0.02,0.04,0.01,22,11
2359,5.38,6.79,-5.92,0.0,0.03,0.01,21,30
2381,5.44,6.75,-5.97,0.02,0.01,0.0,20,14
2403,5.35,6.61,-6.03,-0.0,0.02,0.0,22,19
2425,5.42,6.57,-6.1,-0.03,0.02,-0.01,23,15
2447,5.51,6.64,-5.94,-0.03,0.05,-0.02,20,11
2469,5.31,6.8,-5.9,-0.0,0.04,-0.02,19,16
2491,5.39,6.73,-6.02,0.0,0.03,0.01,20,13
2513,5.37,6.55,-6.03,-0.01,0.02,-0.01,26,16
2535,5.47,6.6,-6.08,-0.03,0.05,-0.04,22,12
2557,5.38,6.81,-5.93,-0.03,0.05,-0.04,22,12
2579,5.35,6.87,-5.86,-0.01,0.04,-0.01,20,11
2601,5.44,6.74,-5.96,0.01,0.03,-0.01,23,12
2623,5.4,6.67,-6.04,0.0,0.04,-0.01,21,11
2645,5.38,6.7,-6.11,-0.03,0.06,-0.01,22,13
2667,5.37,6.8,-5.83,-0.02,0.05,-0.01,21,15
2689,5.45,6.82,-5.69,-0.01,0.02,-0.0,21,10
2711,5.38,6.8,-5.88,0.01,0.01,0.01,21,16
2733,5.45,6.66,-5.92,0.03,-0.01,0.01,20,11
2755,5.39,6.68,-6.01,-0.0,-0.01,0.0,23,4
2777,5.37,6.64,-6.15,-0.03,-0.01,0.0,25,8
2799,5.43,6.66,-6.03,-0.05,-0.02,-0.02,18,9
2821,5.43,6.67,-6.2,-0.08,-0.03,-0.05,21,9
2843,5.34,6.63,-6.19,-0.11,-0.03,-0.08,20,6
2865,5.35,6.61,-6.18,-0.16,0.02,-0.1,21,15
2887,5.49,6.62,-6.14,-0.21,-0.01,-0.12,22,10
2909,5.28,6.63,-5.97,-0.27,0.05,-0.09,20,10
2931,5.34,6.95,-5.51,-0.21,0.02,-0.07,28,14
2953,5.14,6.76,-5.74,-0.18,-0.0,-0.06,20,29
2975,5.49,6.96,-5.7,-0.19,-0.07,-0.07,22,28
2997,5.37,6.96,-5.47,-0.11,-0.11,-0.08,22,18
3019,4.85,7.15,-5.93,-0.11,-0.01,-0.01,21,22
3041,5.5,7.02,-5.77,-0.08,0.02,-0.02,20,20
3063,5.11,7.08,-5.95,-0.04,0.1,-0.02,23,24
3085,5.33,7.01,-5.77,-0.03,0.09,-0.01,20,23
3107,5.06,6.91,-5.85,-0.01,0.13,0.03,21,17
3129,5.36,6.89,-5.92,0.05,0.24,0.1,20,22
3151,5.76,7.11,-6.1,0.02,0.21,0.05,21,21
3173,4.88,6.74,-5.45,0.07,0.24,0.05,21,27
3195,5.76,7.34,-6.26,0.14,0.29,0.07,19,25
3217,5.2,6.68,-5.46,0.1,0.25,-0.0,23,27
3239,5.63,6.98,-5.61,0.15,0.22,-0.03,20,29
3261,5.44,6.78,-5.74,0.2,0.17,-0.2,19,32
3283,5.45,7.03,-5.9,0.17,0.07,-0.29,20,19
3305,5.78,6.99,-5.79,0.06,-0.13,-0.38,17,31
3327,5.99,6.99,-5.51,0.02,-0.24,-0.52,18,32
3349,5.41,6.82,-5.89,-0.08,-0.34,-0.39,22,20
3371,5.24,7.3,-6.09,-0.1,-0.26,-0.34,22,17
3393,4.51,7.17,-5.62,-0.14,-0.31,-0.2,21,28
3415,4.2,6.9,-5.17,-0.12,-0.36,-0.2,22,36
3437,4.52,6.93,-5.87,-0.08,-0.25,-0.07,23,24
3459,4.79,7.19,-6.45,-0.1,-0.15,0.02,21,30
3481,4.51,7.16,-5.81,-0.14,-0.06,0.2,25,23
3503,4.06,6.62,-5.81,-0.09,0.04,0.36,22,13
3525,4.95,6.82,-6.02,0.01,0.09,0.25,23,20
3547,4.57,6.99,-6.11,0.02,0.2,0.31,21,18
3569,5.6,7.22,-5.72,0.03,0.23,0.27,23,24
3591,5.26,6.98,-5.85,-0.0,0.09,0.15,20,37
3618,5.43,6.95,-6.18,0.01,0.03,0.01,25,26
3640,4.92,7.02,-5.96,-0.0,0.07,-0.01,24,27
3662,5.14,6.99,-5.78,0.01,0.06,0.0,24,28
3684,5.78,7.11,-5.82,-0.04,-0.06,-0.15,21,28
3706,5.42,7.28,-5.81,-0.1,-0.27,-0.3,22,22
3728,3.85,7.51,-4.88,-0.09,-0.15,-0.24,25,17
3750,5.2,7.39,-6.26,-0.2,-0.36,-0.27,25,22
3772,4.85,7.14,-5.98,-0.16,-0.26,-0.18,22,25
3794,4.41,6.81,-5.58,-0.15,-0.22,-0.16,25,22
3816,5.27,7.31,-6.4,-0.19,-0.24,-0.1,23,31
3838,4.3,6.92,-5.47,-0.11,-0.24,-0.01,21,32
3860,4.32,7.52,-5.83,-0.16,-0.11,0.22,21,40
3882,5.06,6.94,-5.24,-0.12,0.01,0.35,20,27
3904,4.53,6.94,-6.15,0.02,0.09,0.19,20,28
3926,5.35,7.39,-6.56,0.01,0.15,0.11,22,23
3948,4.69,7.51,-5.63,0.03,0.12,0.01,21,21
3970,5.15,7.79,-4.98,0.18,0.13,0.07,20,19
3992,5.56,9.29,-5.03,0.27,-0.01,0.13,20,15
4014,5.07,7.99,-2.41,0.76,-0.57,0.49,22,8
4036,6.1,5.82,-5.78,0.73,-0.91,0.48,21,19
4058,5.49,5.7,-8.08,0.37,-0.8,0.15,21,15
4080,3.42,5.36,-9.73,-0.23,0.09,0.14,23,10
4102,4.4,6.12,-7.12,-0.6,0.37,0.12,22,6
4124,4.63,6.04,-6.05,-0.35,0.22,-0.07,20,17
4146,4.42,5.95,-6.4,0.05,0.02,-0.24,21,17
4168,4.16,6.65,-7.95,-0.1,0.38,-0.17,22,9
4190,4.83,7.22,-5.93,-0.25,0.55,-0.07,22,13
4212,4.99,7.31,-4.88,-0.08,0.46,0.0,23,15
4234,5.26,7.51,-5.38,0.05,0.27,0.03,23,17
4256,5.0,6.95,-5.82,0.05,0.12,0.05,21,25
4278,4.91,6.74,-6.51,0.0,0.22,0.04,23,20
4300,4.96,6.92,-6.18,-0.03,0.28,0.02,20,17
4322,5.12,6.88,-5.89,0.01,0.29,0.04,21,18
4344,5.27,6.92,-6.05,-0.03,0.29,0.02,21,18
4366,5.16,7.19,-5.51,-0.03,0.22,0.06,22,24
4388,5.15,6.56,-5.69,-0.01,0.19,0.12,22,17
4410,5.36,7.09,-6.04,-0.01,0.2,0.06,21,21
4432,5.19,7.28,-5.86,-0.03,0.14,-0.01,24,16
4454,5.14,7.14,-5.89,-0.03,0.08,-0.0,25,28
4476,5.3,7.01,-5.85,-0.05,0.02,-0.02,20,18
4498,5.03,6.95,-5.66,-0.04,0.03,-0.01,22,28
4520,6.55,7.68,-6.22,-0.14,-0.15,-0.27,18,24
4542,5.7,7.91,-5.64,-0.26,-0.43,-0.54,23,18
4564,4.52,7.12,-5.97,-0.19,-0.31,-0.4,19,29
4586,5.04,6.96,-6.04,-0.27,-0.3,-0.4,18,34
4608,4.3,6.77,-5.94,-0.29,-0.22,-0.29,20,29
4630,4.47,6.73,-5.35,-0.11,-0.06,-0.11,23,31
4652,4.73,6.95,-5.78,-0.06,-0.08,-0.12,21,30
4674,4.95,7.2,-5.75,0.0,-0.0,-0.01,21,29
4696,4.87,7.15,-5.88,-0.01,-0.01,-0.05,23,22
4718,4.43,7.24,-5.3,0.04,-0.01,0.01,21,24
4740,4.93,7.11,-5.43,0.16,0.03,0.16,20,19
4762,5.09,7.41,-6.19,0.12,-0.02,0.12,22,9
4784,3.98,7.4,-6.11,0.01,0.04,0.32,25,14
4806,5.92,7.34,-5.26,-0.1,-0.02,0.34,21,23
4828,5.27,7.44,-5.91,-0.12,-0.18,0.13,20,21
4850,5.22,7.0,-5.75,-0.13,-0.26,0.05,19,25
4872,4.77,7.35,-6.25,-0.19,-0.21,-0.01,22,16
4894,4.94,7.22,-6.28,-0.22,-0.19,-0.13,23,24
4916,5.12,7.12,-5.89,-0.17,-0.11,-0.25,22,25
4938,4.61,7.42,-5.17,-0.1,-0.09,-0.25,21,26
4960,3.57,7.39,-5.79,-0.02,-0.01,-0.22,20,25
4982,3.9,7.04,-6.28,0.05,0.13,-0.21,21,26
5004,4.33,7.23,-5.69,0.11,0.27,-0.17,21,28
5026,5.15,7.03,-5.41,0.08,0.17,-0.02,21,26
5048,5.04,7.91,-6.01,0.14,0.16,-0.01,21,19
5070,4.74,7.17,-5.87,0.12,0.04,-0.01,21,17
5092,4.21,7.32,-6.0,0.13,0.1,0.1,19,19
5114,4.59,7.49,-6.36,0.06,0.17,0.1,20,18
5136,4.86,7.55,-5.86,-0.01,0.05,-0.0,21,17
5158,4.9,7.76,-5.03,0.16,0.15,0.03,22,16
5180,6.25,9.01,-4.89,0.37,0.12,-0.0,22,9
5202,5.07,9.39,-1.81,0.89,-0.56,0.17,20,12
5224,6.33,5.6,-4.08,1.11,-1.03,0.33,21,21
5246,5.78,4.5,-7.74,0.94,-1.02,-0.09,23,16
5268,2.99,5.44,-11.27,-0.44,0.3,-0.19,22,16
5290,2.45,6.45,-8.16,-0.85,0.79,0.18,21,14
5312,4.14,6.73,-5.78,-0.68,0.64,0.19,23,15
5334,4.46,6.11,-5.63,-0.02,0.15,-0.21,24,21
5356,2.95,6.4,-9.37,0.09,0.16,-0.37,20,17
5378,3.08,7.51,-7.3,-0.27,0.68,0.04,21,13
5400,4.7,7.47,-4.96,-0.19,0.73,0.26,19,22
5422,6.01,7.32,-5.06,-0.07,0.45,0.1,21,16
5444,5.43,7.33,-5.0,0.03,0.13,-0.06,18,20
5466,5.23,7.16,-5.36,0.09,-0.01,-0.02,20,21
5488,5.33,6.85,-5.93,0.09,-0.06,-0.05,23,15
5510,4.75,6.67,-6.66,0.04,-0.03,-0.13,22,18
5532,4.65,6.9,-6.74,-0.03,0.08,-0.14,22,14
5554,4.63,7.01,-6.09,-0.14,0.17,-0.09,20,19
5576,4.89,7.13,-5.8,-0.17,0.19,-0.04,20,14
5598,5.11,6.99,-5.59,-0.18,0.11,-0.02,20,18
5625,5.07,7.14,-5.67,-0.19,0.08,-0.02,22,17
5647,4.82,7.33,-5.88,-0.1,0.02,0.03,20,25
5669,5.03,7.17,-6.18,-0.05,0.1,0.06,21,22
5691,4.63,7.17,-5.72,-0.04,0.12,0.07,22,22
5713,5.07,7.3,-5.98,-0.05,0.18,0.05,21,20
5735,4.87,7.01,-5.49,-0.0,0.21,0.03,27,28
5757,5.23,7.01,-5.51,0.1,0.21,-0.01,21,22
5779,5.19,7.11,-5.67,0.1,0.13,-0.13,24,16
5801,5.12,7.19,-5.55,0.08,0.06,-0.18,26,24
5823,5.19,7.3,-5.63,0.02,-0.04,-0.2,25,10
5845,5.3,7.17,-5.65,-0.05,-0.26,-0.41,18,25
5867,4.45,7.25,-6.11,-0.06,-0.28,-0.37,22,19
5889,5.16,7.12,-6.58,-0.13,-0.28,-0.3,22,22
5911,4.55,7.33,-5.89,-0.16,-0.2,-0.15,23,23
5933,4.27,7.14,-5.73,-0.22,-0.22,-0.09,20,28
5955,4.5,7.14,-5.39,-0.19,-0.23,-0.03,22,32
5977,4.59,7.26,-5.45,-0.1,-0.18,0.06,19,26
5999,4.62,7.26,-5.45,-0.11,-0.05,0.19,24,27
6021,4.84,7.06,-5.82,-0.07,0.01,0.18,21,26
6043,4.64,7.36,-5.74,-0.0,0.06,0.11,21,32
6065,4.45,7.53,-5.54,0.05,0.17,0.07,19,20
6087,4.36,7.85,-5.4,0.14,0.32,0.11,25,14
6109,5.65,9.14,-4.58,0.23,0.21,0.13,26,16
6131,5.89,7.99,-2.94,0.69,-0.31,0.17,20,17
6153,6.42,6.71,-4.19,0.72,-0.76,0.17,19,7
6175,4.36,5.09,-8.39,0.42,-0.79,-0.06,20,7
6197,3.33,6.5,-8.49,-0.5,-0.02,0.25,20,11
6219,3.55,6.96,-8.11,-0.8,0.42,0.41,20,9
6241,4.84,6.34,-4.79,-0.53,0.37,0.31,20,11
6263,4.93,6.17,-5.6,-0.01,-0.0,-0.03,21,9
6285,3.57,6.29,-8.51,0.17,-0.02,-0.19,18,10
6307,3.92,7.33,-6.99,-0.16,0.4,0.02,20,19
6329,5.15,7.31,-5.31,-0.13,0.41,0.04,20,15
6351,5.47,7.52,-4.9,-0.02,0.19,-0.06,20,16
6373,4.94,7.41,-5.49,-0.04,0.04,-0.12,22,15
6395,4.66,7.3,-5.83,-0.05,0.05,-0.07,24,19
6417,4.95,6.82,-6.17,-0.08,0.07,-0.04,22,14
6439,5.02,6.62,-6.16,-0.19,0.09,-0.1,25,18
6461,4.51,7.63,-5.1,-0.18,0.16,-0.08,20,22
6483,4.65,7.22,-6.0,-0.03,0.08,0.04,25,18
6505,4.92,6.84,-5.47,0.08,0.16,0.04,21,20
6527,4.82,7.07,-5.64,0.13,0.17,-0.0,22,21
6549,4.86,7.23,-6.06,0.11,0.28,-0.01,20,14
6571,4.56,7.25,-5.92,0.18,0.4,-0.01,20,21
6593,5.27,7.53,-5.67,0.13,0.31,-0.06,21,22
6615,5.47,7.37,-5.33,0.09,0.12,-0.2,23,32
6637,6.18,8.08,-5.63,-0.03,-0.15,-0.42,22,22
6659,5.23,7.48,-5.8,-0.12,-0.38,-0.45,21,13
6681,4.2,7.11,-5.81,-0.16,-0.36,-0.29,23,25
6703,4.77,7.08,-6.03,-0.1,-0.29,-0.14,20,25
6725,4.56,7.32,-5.71,-0.12,-0.21,-0.03,20,29
6747,4.42,7.29,-5.71,-0.08,-0.16,0.08,22,25
6769,4.27,7.13,-6.13,-0.09,-0.01,0.26,20,21
6791,4.79,7.06,-5.29,0.01,0.18,0.32,22,15
6813,4.37,6.6,-5.71,0.14,0.32,0.43,20,9
6835,5.45,6.97,-6.26,0.18,0.36,0.35,22,15
6857,4.59,7.39,-5.9,0.19,0.59,0.39,20,22
6879,4.85,7.32,-5.87,0.17,0.6,0.48,20,26
6901,5.73,6.89,-5.62,0.06,0.28,0.3,22,16
6923,5.44,7.35,-5.42,-0.01,0.05,-0.02,24,15
6945,4.8,7.15,-5.23,0.03,0.0,-0.0,22,18
6967,5.4,7.13,-5.93,0.04,-0.05,-0.0,19,17
6989,6.26,7.21,-6.11,-0.1,-0.32,-0.22,20,23
7011,5.29,6.83,-5.55,-0.17,-0.49,-0.46,23,26
7033,5.06,7.21,-5.54,-0.13,-0.42,-0.39,20,19
7055,4.98,7.53,-5.81,-0.17,-0.41,-0.39,23,23
7077,4.46,7.25,-5.99,-0.21,-0.48,-0.46,20,33
7099,4.16,7.29,-6.05,-0.24,-0.38,-0.37,26,24
7121,5.12,7.35,-6.15,-0.11,-0.17,-0.19,20,27
7143,4.57,7.26,-5.47,-0.12,-0.13,-0.16,22,27
7165,4.6,7.29,-5.46,-0.0,-0.13,-0.06,21,25
7187,4.54,7.61,-6.15,-0.07,-0.2,-0.07,24,30
7209,3.72,7.66,-5.54,-0.21,-0.18,0.15,20,34
7231,4.12,7.61,-6.57,-0.15,-0.1,0.32,19,31
7253,4.22,7.21,-6.0,-0.12,-0.07,0.3,20,26
7275,4.05,7.54,-6.26,-0.01,0.16,0.17,22,24
7297,4.87,7.72,-5.19,0.09,0.37,0.1,22,16
7319,7.41,8.42,-3.5,0.41,0.31,-0.12,20,15
7341,5.34,9.51,-1.16,1.24,-0.53,-0.1,20,10
7363,5.07,6.35,-4.03,1.48,-1.21,0.1,21,14
7385,4.24,5.58,-10.27,0.86,-1.04,-0.01,23,11
7407,2.04,5.6,-10.6,-0.41,0.38,0.25,25,10
7429,3.41,6.09,-7.22,-0.81,0.64,0.45,20,11
7451,4.25,5.83,-5.77,-0.12,0.25,0.01,21,17
7473,3.16,5.49,-7.94,0.25,-0.06,-0.45,23,15
7495,2.94,6.63,-9.87,-0.23,0.6,-0.14,23,17
7517,4.66,7.32,-5.62,-0.52,0.82,0.02,20,18
7539,5.64,7.65,-4.02,-0.27,0.59,0.01,21,21
7561,5.69,7.33,-4.28,-0.02,0.23,-0.03,19,17
7583,5.34,7.18,-5.59,-0.04,0.05,-0.1,24,15
7605,4.57,7.37,-5.88,-0.07,-0.0,-0.13,22,16
7632,4.11,6.9,-6.91,-0.12,0.13,-0.05,20,15
7654,4.54,6.68,-6.7,-0.26,0.32,-0.05,23,19
7676,4.83,7.0,-6.28,-0.32,0.43,-0.15,20,16
7698,5.09,7.54,-5.0,-0.03,0.13,-0.02,23,13
7720,5.25,7.46,-4.59,0.03,0.03,-0.03,22,11
7742,5.07,7.48,-5.81,0.0,-0.17,-0.16,25,16
7764,4.41,7.24,-6.11,-0.08,-0.15,-0.13,20,17
7786,4.4,7.14,-6.05,-0.1,-0.12,-0.03,19,19
7808,4.1,7.62,-6.24,-0.16,-0.08,0.08,21,19
7830,4.87,6.87,-4.91,-0.13,0.05,0.3,28,19
7852,4.47,7.04,-6.22,-0.05,0.01,0.16,18,17
7874,4.62,7.26,-5.94,0.03,0.23,0.2,20,15
7896,4.59,7.07,-5.72,0.13,0.38,0.27,23,19
7918,4.96,6.86,-5.63,0.09,0.34,0.14,21,30
7940,5.43,7.27,-5.69,0.13,0.33,0.04,23,21
7962,5.49,7.01,-5.49,0.14,0.11,-0.14,25,20
7984,5.11,7.42,-6.22,0.06,-0.12,-0.36,22,27
8006,4.61,7.79,-5.73,-0.04,-0.09,-0.35,20,23
8028,5.78,6.98,-5.67,-0.11,-0.29,-0.36,22,15
8050,5.19,7.52,-5.92,-0.16,-0.25,-0.32,16,23
8072,4.91,7.15,-5.86,-0.15,-0.24,-0.27,22,23
8094,4.24,7.28,-5.82,-0.13,-0.18,-0.13,19,31
8116,4.62,7.2,-5.32,-0.12,-0.2,-0.08,20,32
8138,3.62,7.69,-5.78,-0.26,-0.34,0.14,22,23
8160,4.44,7.24,-5.81,-0.16,-0.21,0.24,21,30
8182,4.39,7.39,-6.24,-0.05,0.03,0.05,22,24
8204,3.91,7.58,-5.67,-0.01,0.22,0.1,25,20
8226,4.82,7.59,-5.04,0.15,0.36,0.15,21,18
8248,7.42,8.22,-4.39,0.26,0.29,-0.14,21,14
8270,5.32,9.36,-1.54,0.78,-0.28,-0.13,23,3
8292,4.83,7.23,-3.49,1.08,-0.98,0.21,21,16
8314,4.49,4.38,-8.31,1.05,-1.14,0.11,19,18
8336,2.91,6.07,-11.98,-0.45,0.31,0.26,23,16
8358,4.21,7.07,-6.58,-0.95,0.56,0.42,23,12
8380,3.54,6.57,-4.54,-0.28,0.12,0.21,19,13
8402,4.53,5.92,-6.75,0.19,-0.1,-0.06,21,12
8424,2.76,6.53,-9.95,-0.03,0.28,-0.17,20,14
8446,3.93,7.1,-6.92,-0.39,0.72,0.15,22,8
8468,5.22,7.1,-4.73,-0.24,0.73,0.18,21,17
8490,5.6,7.3,-5.3,-0.03,0.46,-0.05,25,13
8512,5.25,7.34,-6.08,-0.26,0.26,-0.3,25,15
8534,4.02,10.05,-3.04,-0.1,0.19,-0.08,25,18
8556,5.08,7.15,-5.09,-0.03,-0.16,-0.04,22,20
8578,5.71,7.26,-6.83,-0.09,-0.22,-0.17,22,19
8600,4.26,7.18,-5.82,-0.06,-0.17,-0.07,22,17
8622,4.27,7.34,-6.18,-0.16,-0.18,0.07,20,18
8644,4.72,7.42,-5.74,-0.09,-0.03,0.27,20,16
8666,4.94,7.13,-5.9,-0.02,0.1,0.26,18,24
8688,3.61,7.1,-5.8,0.02,0.35,0.39,27,20
8710,4.13,6.78,-6.1,0.22,0.67,0.51,24,16
8732,5.83,7.09,-5.85,0.21,0.51,0.34,22,12
8754,6.36,7.45,-5.59,0.07,0.22,-0.02,22,10
8776,5.15,7.35,-5.38,0.1,-0.02,-0.3,21,9
8798,5.55,7.94,-5.97,-0.05,-0.37,-0.46,21,17
8820,5.08,7.57,-5.58,-0.24,-0.63,-0.59,21,30
8842,4.4,7.33,-6.27,-0.32,-0.61,-0.67,21,23
8864,4.32,7.38,-6.33,-0.37,-0.56,-0.53,21,37
8886,3.71,5.92,-5.88,-0.48,-0.76,-0.71,18,25
8908,5.8,10.67,-5.95,-0.21,0.03,-0.54,23,26
8930,3.47,7.44,-5.44,-0.08,0.06,-0.04,21,29
8952,5.81,7.29,-5.53,0.02,0.02,0.02,22,24
8974,4.23,6.91,-4.91,0.13,0.03,-0.13,20,25
8996,2.52,7.67,-4.6,0.46,0.11,0.27,21,18
9018,3.56,8.31,-4.81,0.87,0.09,0.74,21,10
9040,5.41,6.38,-7.44,0.82,0.12,0.69,18,13
9062,5.7,6.22,-7.92,0.19,0.17,0.13,21,18
9084,4.3,6.65,-7.14,-0.12,0.27,-0.22,22,12
9106,3.84,7.23,-6.72,-0.31,0.37,-0.27,20,16
9128,4.52,7.6,-5.91,-0.47,0.37,-0.19,22,17
9150,5.38,7.11,-5.33,-0.1,-0.1,0.05,22,23
9172,5.24,7.51,-5.13,-0.16,-0.37,0.11,21,24
9194,4.23,7.13,-5.93,-0.21,-0.5,0.11,23,19
9216,4.09,7.03,-7.21,-0.03,-0.19,-0.07,18,16
9238,3.37,7.71,-6.5,-0.07,0.16,0.05,22,12
9260,4.71,7.47,-4.94,0.03,0.32,0.14,22,25
9282,6.61,8.57,-4.7,0.19,0.15,-0.02,22,13
9304,5.71,8.85,-2.07,0.83,-0.35,0.09,20,14
9326,5.19,6.56,-3.65,1.25,-0.97,0.05,20,17
9348,4.02,4.43,-11.62,0.57,-0.89,-0.42,19,17
9370,1.3,5.93,-11.32,-0.69,0.64,0.02,20,18
9392,3.34,7.71,-5.52,-1.15,0.87,0.41,22,4
9414,4.56,6.9,-4.09,-0.23,0.22,0.28,19,5
9436,4.75,6.16,-6.35,0.02,-0.07,-0.13,21,19
9458,3.16,7.31,-8.72,-0.18,0.13,-0.19,22,21
9480,3.9,7.5,-6.19,-0.34,0.37,0.22,22,13
9502,5.29,6.86,-5.47,-0.31,0.29,0.12,27,12
9524,5.02,6.93,-5.88,-0.29,0.19,-0.02,21,20
9546,4.57,7.42,-5.61,-0.35,0.19,0.03,21,21
9568,4.63,6.91,-5.77,-0.06,-0.02,0.13,22,24
9590,5.16,7.23,-5.76,0.01,0.09,0.17,19,18
9612,4.49,7.15,-5.6,0.03,0.19,0.06,22,19
9639,4.64,7.32,-5.52,0.19,0.43,0.14,23,23
9661,4.75,7.88,-6.27,0.2,0.42,0.06,22,15
9683,5.18,7.43,-6.57,0.19,0.16,-0.21,20,13
9705,5.23,7.74,-5.72,0.11,-0.04,-0.5,23,20
9727,3.79,7.12,-5.17,-0.13,-0.28,-0.46,21,29
9749,4.7,7.01,-5.26,-0.08,-0.21,-0.21,20,24
9771,5.04,7.13,-5.93,-0.1,-0.37,-0.2,22,33
9793,4.33,7.08,-6.07,-0.13,-0.34,-0.12,20,26
9815,3.6,7.23,-6.07,-0.14,-0.17,0.12,22,21
9837,3.65,6.84,-5.88,-0.05,0.08,0.3,22,22
9859,4.81,6.97,-5.31,0.03,0.13,0.22,21,23
9881,5.31,7.64,-5.14,0.09,0.07,0.15,19,21
9903,4.69,7.62,-5.66,0.01,-0.06,-0.09,19,21
9925,3.94,7.72,-6.03,0.05,0.05,0.0,25,24
9947,5.55,7.8,-6.24,-0.1,-0.08,-0.2,23,9
9969,6.05,7.85,-6.14,-0.26,-0.32,-0.43,20,20
9991,4.19,7.25,-5.95,-0.39,-0.47,-0.65,22,23
10013,4.25,7.45,-5.88,-0.44,-0.39,-0.64,21,26
10035,3.89,9.13,-5.78,-0.32,0.05,-0.63,22,30
10057,3.27,7.4,-5.65,-0.1,0.12,-0.24,22,28
10079,4.98,6.94,-5.35,-0.03,0.12,-0.12,20,28
10101,4.13,7.68,-4.92,0.08,0.17,-0.04,26,28
10123,3.95,6.88,-4.25,0.24,0.1,-0.01,22,17
10145,3.7,8.24,-4.88,0.51,-0.08,0.07,24,8
10167,3.74,8.03,-7.17,0.41,-0.02,0.33,21,18
10189,4.53,7.96,-5.95,0.14,0.1,0.49,18,17
10211,4.72,7.34,-5.21,0.01,-0.02,0.55,23,22
10233,4.72,6.94,-5.49,0.01,-0.19,0.24,23,20
10255,2.62,7.78,-6.72,-0.0,0.07,-0.04,20,21
10277,3.78,7.74,-6.02,0.04,0.32,0.2,22,23
10299,6.54,7.55,-5.2,0.13,0.3,-0.02,23,22
10321,6.18,8.48,-3.54,0.33,-0.09,-0.35,19,18
10343,4.57,7.86,-2.34,1.04,-0.57,-0.09,19,18
10365,4.22,6.18,-6.38,1.09,-0.95,0.08,20,15
10387,3.26,5.87,-10.7,0.31,-0.49,0.04,20,6
10409,2.34,6.48,-9.33,-0.48,0.42,0.36,19,9
10431,3.62,6.84,-6.11,-0.54,0.56,0.46,22,6
10453,4.44,6.51,-6.26,-0.18,0.33,0.14,19,6
10475,4.22,6.39,-6.61,-0.14,0.2,-0.22,23,5
10497,3.29,7.4,-7.63,-0.27,0.31,-0.31,21,6
10519,3.51,7.72,-5.68,-0.38,0.5,-0.09,17,9
10541,4.69,7.46,-5.07,-0.34,0.36,0.03,21,12
10563,5.09,7.3,-5.31,-0.3,0.13,-0.07,22,7
10585,4.44,7.91,-4.84,0.01,-0.08,-0.04,22,16
10607,4.27,7.46,-5.6,-0.08,-0.18,-0.0,19,14
10629,3.99,7.28,-5.95,-0.06,-0.15,0.11,19,22
10651,4.66,7.1,-5.47,-0.08,-0.08,0.27,23,19
10673,4.1,6.92,-6.55,0.01,0.13,0.28,19,27
10695,4.36,7.21,-6.28,0.05,0.33,0.25,27,19
10717,3.73,6.98,-5.93,0.17,0.52,0.38,21,15
10739,5.36,7.47,-6.34,0.17,0.47,0.23,27,15
10761,5.37,7.43,-5.32,0.11,0.27,0.03,20,10
10783,5.5,7.42,-5.72,0.15,0.05,-0.23,20,12
10805,5.08,7.75,-6.29,-0.01,-0.29,-0.45,21,13
10827,5.07,7.35,-5.94,-0.19,-0.48,-0.6,21,25
10849,4.71,7.18,-6.71,-0.31,-0.52,-0.73,21,27
10871,3.37,7.01,-6.43,-0.28,-0.38,-0.54,24,23
10893,3.52,7.04,-5.81,-0.18,-0.19,-0.34,19,16
10915,4.06,7.12,-5.75,-0.04,-0.01,-0.05,23,18
10937,4.71,7.28,-5.79,-0.03,-0.08,-0.07,21,19
10959,3.85,7.35,-5.65,0.0,-0.08,-0.1,16,21
10981,3.5,7.43,-5.6,0.06,-0.08,0.05,20,14
11003,3.44,8.14,-6.05,0.1,-0.08,0.29,20,16
11025,3.84,7.93,-6.55,-0.12,-0.09,0.56,23,29
11047,4.76,7.42,-6.28,-0.12,-0.14,0.32,20,22
11069,4.31,7.08,-6.19,-0.06,-0.08,0.06,27,19
11091,4.51,7.96,-6.77,-0.15,-0.01,-0.05,19,18
11113,4.54,7.15,-6.39,-0.27,-0.18,-0.3,21,8
11135,3.92,7.46,-5.67,-0.23,-0.21,-0.31,22,26
11157,3.8,7.22,-5.51,-0.09,-0.16,-0.14,20,26
11179,4.07,7.56,-5.87,-0.11,-0.26,-0.1,20,23
11201,2.25,7.81,-5.69,-0.17,-0.22,0.21,21,33
11223,2.96,7.62,-6.36,-0.08,-0.03,0.44,23,28
11245,4.24,7.61,-6.49,0.06,0.14,0.17,21,23
11267,3.85,7.78,-5.57,0.08,0.25,0.05,21,17
11289,4.93,7.53,-4.61,0.33,0.37,0.01,21,19
11311,5.51,10.58,-3.73,0.61,0.04,-0.02,21,10
11333,4.38,7.23,-3.1,1.26,-0.61,0.04,22,10
11355,3.82,6.12,-9.97,0.72,-0.45,0.1,22,13
11377,3.17,6.04,-8.92,-0.11,0.02,-0.03,21,19
11399,2.68,6.82,-7.25,-0.49,0.35,0.13,22,9
11421,3.62,6.59,-5.94,-0.19,0.25,0.1,22,17
11443,3.82,6.44,-6.81,-0.0,-0.02,-0.28,23,13
11465,2.6,7.16,-8.17,-0.23,0.3,-0.17,20,17
11487,4.36,7.52,-5.81,-0.37,0.48,0.06,21,21
11509,4.61,7.28,-4.55,-0.16,0.26,-0.05,22,17
11531,4.44,7.44,-5.53,0.06,0.14,-0.15,21,28
11553,3.94,7.31,-6.87,-0.02,0.2,-0.19,23,18
11575,3.72,7.47,-6.56,-0.22,0.24,-0.15,26,19
11597,3.95,7.68,-5.95,-0.27,0.25,-0.17,22,17
11619,4.16,7.43,-5.81,-0.11,0.01,-0.08,22,23
11646,4.9,7.48,-5.76,-0.1,-0.15,-0.18,23,14
11668,4.07,7.3,-6.08,-0.03,-0.18,-0.13,21,13
11690,3.08,7.54,-6.09,-0.1,-0.2,0.0,20,23
11712,3.74,7.47,-6.28,-0.08,-0.08,0.24,25,19
11734,4.32,7.27,-6.16,-0.03,0.11,0.34,21,20
11756,3.37,7.09,-5.47,0.03,0.15,0.36,25,22
11778,3.93,7.38,-6.15,0.19,0.27,0.44,20,19
11800,4.93,7.19,-6.16,0.12,0.25,0.28,22,21
11822,4.79,7.53,-5.82,0.03,0.1,0.04,20,21
11844,3.86,7.48,-5.66,0.03,0.02,-0.02,21,17
11866,4.33,7.54,-6.54,0.01,0.01,0.01,23,16
11888,5.52,7.98,-6.48,-0.13,-0.13,-0.2,20,25
11910,4.05,7.65,-5.62,-0.25,-0.28,-0.45,20,15
11932,3.0,7.58,-6.04,-0.22,-0.27,-0.34,21,13
11954,3.84,7.06,-5.73,-0.22,-0.2,-0.15,20,28
11976,4.13,7.19,-5.34,-0.06,-0.11,-0.08,22,28
11998,3.86,7.78,-6.06,-0.1,-0.26,-0.1,20,28
12020,2.93,8.0,-5.92,-0.08,-0.05,0.18,21,26
12042,3.1,7.23,-5.8,0.03,0.21,0.46,25,19
12064,4.21,7.51,-5.41,0.24,0.35,0.46,22,10
12086,4.38,7.99,-4.76,0.66,0.2,0.45,20,18
12108,4.77,6.61,-6.06,0.72,0.17,0.43,23,15
12130,5.17,6.41,-5.94,0.75,0.26,0.22,22,7
12152,4.52,6.26,-7.69,0.52,0.27,0.07,21,11
12174,3.79,6.47,-8.11,0.11,0.43,0.12,27,13
12196,4.43,6.25,-7.5,-0.32,0.48,0.03,22,9
12218,4.79,6.66,-6.91,-0.54,0.52,-0.16,19,8
12240,4.5,6.54,-6.13,-0.77,0.53,-0.22,20,5
12262,6.62,6.51,-6.2,-0.21,-0.25,-0.08,19,10
12284,5.55,7.26,-6.04,-0.01,-0.2,-0.14,21,23
12306,3.91,7.34,-6.46,-0.04,-0.21,-0.13,20,24
12328,3.73,7.14,-6.55,-0.08,0.04,0.0,22,26
12350,4.59,7.77,-4.95,0.05,0.17,0.08,20,24
12372,6.42,8.56,-4.53,0.23,0.07,-0.07,22,19
12394,4.85,8.86,-1.42,1.28,-0.51,0.15,22,14
12416,5.26,6.35,-5.48,1.48,-1.01,0.2,20,10
12438,5.16,5.92,-9.22,0.84,-0.93,-0.15,22,10
12460,2.13,5.48,-9.4,-0.27,0.17,0.01,23,8
12482,3.67,6.16,-7.08,-0.83,0.62,0.24,24,11
12504,4.82,6.18,-7.0,-0.57,0.37,-0.06,21,11
12526,4.1,5.68,-6.96,-0.47,0.27,-0.45,22,10
12548,3.25,6.38,-7.28,-0.23,0.1,-0.46,19,17
12570,2.75,6.51,-9.0,-0.36,0.27,-0.14,22,19
12592,4.14,7.0,-6.63,-0.6,0.67,0.1,21,14
12614,5.1,7.2,-4.56,-0.42,0.6,0.07,19,16
12636,5.08,7.16,-4.38,-0.14,0.32,0.0,25,20
12658,4.78,7.45,-5.59,-0.07,0.23,-0.03,26,19
12680,4.96,7.49,-6.24,-0.27,0.25,-0.13,22,22
12702,4.66,7.81,-4.82,0.09,-0.04,-0.1,22,21
12724,4.59,7.89,-5.66,0.0,-0.09,-0.18,19,23
12746,4.09,7.4,-5.82,-0.2,-0.26,-0.28,23,16
12768,4.07,7.15,-6.06,-0.14,-0.1,-0.11,21,17
12790,4.77,7.19,-6.23,-0.06,-0.06,-0.08,20,32
12812,3.8,7.44,-5.4,-0.14,-0.1,0.03,20,13
12834,3.94,7.24,-5.04,-0.02,0.01,0.31,19,23
12856,4.17,7.27,-5.89,0.05,0.15,0.4,21,20
12878,3.63,6.58,-5.21,0.2,0.38,0.48,22,18
12900,5.01,7.66,-5.94,0.21,0.35,0.44,22,10
12922,5.97,7.96,-6.15,-0.01,0.03,0.01,22,2
12944,4.56,7.45,-5.64,0.03,0.02,-0.03,21,16
12966,6.74,8.2,-7.02,-0.19,-0.28,-0.37,19,25
12988,5.03,7.69,-6.2,-0.32,-0.47,-0.79,23,19
13010,4.16,7.09,-6.11,-0.48,-0.56,-0.82,22,29
13032,2.98,7.13,-6.18,-0.55,-0.45,-0.7,21,29
13054,3.18,4.88,-5.84,-0.54,-0.68,-0.63,21,36
13076,8.31,9.22,-3.34,-0.59,-0.99,-0.66,21,34
13098,2.64,7.35,-5.33,-0.11,0.27,-0.14,25,34
13120,6.08,7.36,-3.54,0.0,-0.05,-0.01,21,20
13142,3.42,7.02,-2.45,0.58,-0.24,-0.04,22,20
13164,2.74,8.49,-7.29,0.71,-0.19,0.32,19,14
13186,3.25,8.4,-8.03,0.08,-0.21,0.49,19,11
13208,4.24,8.49,-5.03,0.07,0.0,0.23,21,13
13230,2.94,8.11,-5.65,0.17,0.08,0.29,21,11
13252,4.38,8.65,-4.21,0.4,-0.05,0.36,20,18
13274,4.52,6.95,-4.96,0.74,-0.3,0.39,21,15
13296,3.61,6.22,-7.67,0.54,-0.1,0.44,23,21
13318,3.02,6.06,-8.14,0.24,0.36,0.55,19,15
13340,3.94,6.45,-7.7,0.08,0.71,0.46,20,4
13362,4.57,6.94,-6.5,0.02,0.79,0.25,19,16
13384,4.47,6.88,-6.15,-0.01,0.67,0.13,21,17
13406,4.6,7.36,-6.06,-0.06,0.64,0.19,18,6
13428,4.48,7.32,-5.51,-0.07,0.56,0.15,21,14
13450,5.53,6.65,-6.79,-0.42,0.24,-0.12,23,17
13472,4.27,8.79,-3.92,-0.06,0.09,-0.06,20,10
13494,4.15,7.51,-4.58,-0.11,-0.17,-0.08,23,13
13516,4.43,7.41,-5.45,-0.06,-0.14,-0.12,22,20
13538,4.56,7.54,-6.21,0.03,0.04,-0.02,21,26
13560,5.67,8.22,-5.13,0.15,0.11,-0.04,28,16
13582,5.14,10.03,-1.71,0.6,-0.13,-0.07,18,10
13604,5.72,7.65,-3.63,1.23,-0.97,0.22,21,13
13626,6.18,4.87,-8.71,0.84,-1.15,-0.07,22,17
13653,2.76,5.43,-9.6,-0.08,-0.16,-0.26,20,5
13675,2.99,6.14,-7.69,-0.64,0.33,-0.14,20,5
13697,3.46,6.25,-6.74,-0.41,0.4,-0.14,25,12
13719,3.54,6.45,-6.86,-0.41,0.17,-0.32,21,11
13741,2.76,6.33,-8.23,-0.16,0.21,-0.24,22,10
13763,3.29,7.3,-7.06,-0.51,0.56,0.11,22,4
13785,4.79,7.32,-5.05,-0.4,0.53,0.16,26,15
13807,5.28,7.16,-5.26,-0.23,0.36,-0.01,22,8
13829,5.08,7.17,-5.45,-0.23,0.19,-0.27,21,16
13851,4.81,7.44,-5.71,-0.32,0.09,-0.42,19,17
13873,4.81,7.25,-6.18,-0.03,-0.15,-0.12,21,25
13895,4.38,7.47,-5.74,-0.06,-0.1,-0.0,20,45
13917,3.61,7.36,-6.25,-0.1,-0.09,0.12,18,27
13939,4.15,7.11,-6.12,-0.08,0.05,0.22,20,29
13961,4.19,7.29,-6.09,-0.02,0.18,0.27,23,21
13983,3.92,7.13,-5.38,0.08,0.43,0.42,20,26
14005,4.81,7.11,-5.3,0.3,0.86,0.58,25,12
14027,5.39,7.01,-5.98,0.3,0.64,0.47,18,13
14049,6.3,7.74,-6.19,0.06,0.12,0.04,20,10
14071,4.3,7.02,-4.97,0.02,0.01,-0.05,22,18
14093,5.81,7.94,-6.5,-0.1,-0.21,-0.16,20,14
14115,5.97,7.56,-5.77,-0.35,-0.58,-0.63,20,27
14137,4.48,7.0,-5.78,-0.31,-0.6,-0.73,23,30
14159,2.77,7.4,-5.39,-0.24,-0.4,-0.53,25,17
14181,4.05,7.15,-6.15,-0.17,-0.23,-0.36,20,18
14203,4.28,7.05,-5.91,-0.09,-0.03,-0.07,23,15
14225,5.47,7.2,-5.59,-0.03,-0.02,-0.04,21,20
14247,4.67,7.19,-5.27,0.02,-0.13,-0.17,19,22
14269,2.77,7.56,-5.23,0.14,-0.03,0.11,23,23
14291,3.5,7.96,-6.22,0.12,0.03,0.56,23,26
14313,5.26,7.54,-5.58,-0.02,0.09,0.86,22,28
14335,5.32,6.95,-6.53,0.0,-0.14,0.45,20,26
14357,4.45,7.05,-6.84,0.04,-0.02,-0.03,21,21
14379,4.14,7.42,-6.54,-0.01,0.18,0.09,20,21
14401,7.47,6.14,-5.95,0.07,-0.03,-0.61,22,26
14423,3.29,7.66,-5.99,0.09,-0.07,-0.95,25,18
14445,2.21,8.26,-5.33,0.05,0.28,-0.2,20,25
14467,6.08,7.07,-5.03,-0.01,-0.05,-0.03,19,16
14489,4.14,7.58,-5.69,0.01,-0.22,-0.09,20,20
14511,2.53,7.73,-6.04,-0.09,-0.09,0.38,21,22
14533,4.55,6.86,-5.78,-0.06,-0.0,0.34,24,33
14555,3.44,7.76,-6.86,-0.07,-0.05,-0.08,22,32
14577,5.21,7.57,-6.53,-0.4,-0.26,-0.23,19,25
14599,3.9,7.47,-5.11,-0.25,-0.17,-0.25,23,23
14621,4.36,7.07,-5.74,-0.13,-0.33,-0.21,21,25
14643,3.34,7.79,-6.34,-0.17,-0.28,-0.03,24,22
14665,2.83,7.39,-6.19,-0.1,-0.12,0.19,23,30
14687,4.25,7.24,-5.65,0.03,0.15,0.26,20,23
14709,4.87,7.67,-5.34,0.16,0.27,0.11,22,26
14731,5.24,8.63,-4.47,0.36,0.45,0.11,25,16
14753,6.42,10.46,-1.91,0.85,-0.24,0.1,21,26
14775,3.63,5.62,-3.54,1.47,-0.84,0.12,22,21
14797,4.87,5.79,-10.51,0.45,-0.47,0.07,21,20
14819,3.44,6.1,-8.85,-0.28,0.16,-0.15,22,18
14841,0.33,7.04,-7.1,-0.4,0.46,0.02,21,17
14863,2.64,6.56,-7.69,-0.0,0.32,0.04,23,12
14885,3.57,6.06,-8.27,0.08,0.27,-0.23,23,13
14907,2.2,6.45,-8.62,-0.09,0.41,-0.46,25,9
14929,2.63,8.0,-6.89,-0.29,0.75,-0.08,21,17
14951,4.7,7.9,-5.09,-0.24,0.65,0.09,23,11
14973,5.53,7.37,-4.63,0.02,0.44,-0.05,22,18
14995,4.92,7.37,-5.21,0.14,0.15,-0.16,24,11
15017,4.38,7.44,-6.29,0.09,0.09,-0.13,21,11
15039,4.32,7.08,-6.31,-0.13,0.11,-0.11,23,11
15061,4.56,7.17,-6.32,-0.15,0.12,-0.22,24,9
15083,4.36,7.11,-6.57,-0.29,0.06,-0.28,22,12
15105,3.56,8.99,-4.67,-0.29,0.07,-0.19,20,25
15127,4.56,7.19,-6.2,-0.16,-0.12,-0.13,20,26
15149,4.54,7.42,-5.84,-0.07,-0.15,-0.12,25,26
15171,3.87,7.38,-6.27,-0.08,-0.14,-0.03,21,25
15193,3.82,7.2,-5.7,-0.1,-0.15,0.13,20,31
15215,4.12,7.12,-5.84,-0.03,-0.08,0.25,22,28
15237,4.52,6.78,-5.17,0.02,0.1,0.37,24,30
15259,3.76,7.45,-5.5,0.17,0.34,0.55,21,21
15281,3.0,7.0,-6.29,0.3,0.64,0.77,20,11
15303,6.01,7.57,-6.13,0.24,0.63,0.52,22,17
15325,6.08,7.89,-6.22,0.04,0.06,0.0,21,8
15347,5.27,7.19,-5.16,0.08,0.14,-0.09,27,12
15369,6.39,7.83,-5.95,0.03,-0.13,-0.35,22,14
15391,5.15,7.65,-5.94,-0.15,-0.58,-0.71,21,16
15413,3.72,7.6,-6.11,-0.31,-0.63,-0.69,21,17
15435,3.49,7.15,-6.11,-0.37,-0.54,-0.58,20,31
15457,3.81,7.45,-6.08,-0.26,-0.34,-0.36,20,21
15479,3.56,7.21,-6.05,-0.2,-0.23,-0.23,22,22
15501,4.32,7.37,-6.19,-0.09,-0.21,-0.1,25,19
15523,2.71,7.95,-5.6,-0.18,-0.23,0.11,23,30
15545,4.5,7.55,-5.19,-0.07,-0.15,0.39,22,20
15567,4.05,7.55,-6.11,0.06,0.09,0.15,20,19
15589,3.08,7.97,-5.32,0.17,0.25,0.13,25,29
15611,4.86,8.61,-5.55,0.2,0.17,0.17,22,20
15633,4.12,8.66,-3.1,0.49,-0.29,0.34,21,16
15660,4.45,6.54,-6.44,0.6,-0.71,0.55,22,12
15682,4.28,5.84,-8.84,0.05,-0.55,0.37,22,13
15704,3.63,5.4,-8.31,-0.3,-0.12,0.1,22,18
15726,3.22,5.92,-8.45,-0.43,0.28,-0.06,19,5
15748,3.39,7.31,-7.67,-0.8,0.61,0.07,21,16
15770,4.8,11.41,-1.03,-0.25,0.41,0.37,20,13
15792,4.46,7.32,-3.84,-0.16,0.0,0.39,22,14
15814,4.99,7.98,-5.67,0.01,-0.18,0.14,22,15
15836,3.88,7.83,-6.11,-0.04,-0.17,0.08,22,13
15858,4.19,7.52,-6.77,-0.16,-0.09,-0.02,20,18
15880,5.31,7.06,-6.54,-0.32,-0.27,-0.34,21,34
15902,3.11,6.93,-5.43,-0.2,-0.12,-0.37,25,28
15924,3.52,7.63,-5.97,-0.1,-0.04,-0.22,20,26
15946,4.75,7.24,-6.24,0.0,0.05,-0.03,25,28
15968,4.55,7.37,-5.83,-0.02,-0.04,-0.14,21,26
15990,3.7,7.39,-5.71,0.03,-0.02,-0.0,21,34
16012,2.83,7.34,-4.93,0.11,0.09,0.34,25,24
16034,3.74,7.58,-6.35,0.11,0.27,0.59,23,5
16056,5.21,7.69,-5.95,-0.01,0.06,0.39,21,22
16078,3.98,7.27,-6.23,0.01,-0.04,-0.0,25,21
16100,4.67,7.68,-6.5,-0.19,-0.14,-0.12,22,25
16122,4.77,7.55,-5.82,-0.23,-0.23,-0.38,21,36
16144,3.97,6.81,-5.66,-0.15,-0.18,-0.32,22,27
16166,3.67,7.37,-5.83,0.01,0.06,-0.04,17,26
16188,4.63,7.37,-5.59,-0.02,0.01,-0.1,21,28
16210,3.98,7.42,-5.38,0.04,-0.07,-0.13,23,23
16232,2.92,7.35,-5.84,0.15,-0.01,0.18,19,26
16254,3.63,7.86,-6.28,0.15,0.16,0.51,19,23
16276,4.19,8.21,-6.18,0.02,0.1,0.66,22,17
16298,5.59,7.15,-6.02,-0.15,-0.2,0.27,23,19
16320,3.76,7.92,-6.82,-0.11,0.0,-0.03,21,27
16342,5.14,7.2,-6.17,-0.39,-0.26,-0.22,23,28
16364,4.8,6.82,-5.16,-0.34,-0.28,-0.37,22,19
16386,3.29,6.93,-4.7,-0.09,-0.12,-0.16,23,18
16408,4.27,7.61,-6.3,-0.04,-0.19,-0.11,23,26
16430,3.09,7.77,-5.8,-0.09,-0.08,0.02,20,21
16452,3.36,7.63,-5.56,-0.01,0.12,0.24,23,16
16474,4.67,7.28,-4.93,0.2,0.23,0.25,19,18
16496,4.94,8.33,-4.62,0.44,0.21,0.24,21,21
16518,5.99,9.14,-3.75,0.84,-0.39,0.08,20,17
16540,3.25,6.39,-7.99,0.59,-0.58,0.14,21,17
16562,3.92,5.95,-7.85,0.05,-0.15,0.22,22,12
16584,3.9,6.19,-6.93,-0.18,-0.1,0.03,22,14
16606,3.22,6.0,-7.14,-0.03,-0.11,-0.19,20,13
16628,3.13,6.51,-9.33,-0.46,0.3,-0.22,20,12
16650,3.35,7.57,-6.38,-0.75,0.61,-0.02,21,13
16672,4.68,8.78,-2.33,-0.09,0.29,0.23,22,9
16694,5.03,7.59,-3.8,0.02,-0.15,0.07,22,8
16716,4.23,7.81,-5.42,0.03,-0.26,0.11,19,7
16738,3.88,7.52,-6.12,0.0,-0.16,0.26,18,11
16760,3.79,7.31,-6.99,-0.08,-0.01,0.09,21,14
16782,4.51,7.77,-6.77,-0.21,0.01,0.05,23,26
16804,5.75,7.7,-5.84,-0.4,-0.26,-0.38,20,22
16826,3.59,6.96,-5.07,-0.36,-0.31,-0.54,19,27
16848,3.39,7.17,-5.44,-0.04,0.06,-0.1,20,17
16870,4.66,7.42,-6.21,-0.03,0.01,-0.08,26,24
16892,4.08,7.35,-5.65,-0.02,-0.0,-0.11,22,18
16914,3.93,7.41,-5.49,0.08,-0.01,-0.02,26,19
16936,3.94,7.71,-5.77,0.24,0.07,0.24,23,23
16958,3.6,7.66,-5.82,0.32,0.22,0.57,23,17
16980,4.4,8.33,-5.73,0.09,-0.03,0.62,21,15
17002,5.05,7.54,-6.41,-0.15,-0.4,0.1,22,21
17024,3.52,8.5,-7.17,-0.22,-0.12,0.0,23,31
17046,4.59,7.47,-6.15,-0.47,-0.25,-0.17,20,24
17068,4.46,7.42,-5.4,-0.36,-0.2,-0.25,20,17
17090,4.3,7.02,-5.25,-0.11,-0.19,-0.14,22,16
17112,3.92,7.46,-6.2,-0.02,-0.19,-0.13,22,19
17134,3.0,7.88,-5.94,-0.1,-0.06,0.04,20,17
17156,3.24,7.65,-4.95,0.04,0.2,0.38,20,18
17178,4.63,7.3,-5.09,0.26,0.19,0.29,21,25
17200,4.45,8.03,-5.21,0.33,0.16,0.11,20,28
17222,4.84,9.14,-4.7,0.45,-0.09,0.18,25,24
17244,3.43,7.15,-5.86,0.57,-0.48,0.3,21,27
17266,3.93,5.87,-8.25,0.1,-0.25,0.5,21,18
17288,3.75,5.98,-7.41,-0.22,0.1,0.51,21,16
17310,4.15,5.88,-7.33,-0.17,0.41,0.34,20,10
17332,4.89,6.5,-7.79,-0.39,0.44,-0.12,19,12
17354,3.43,9.15,-5.54,-0.16,0.26,-0.05,25,14
17376,4.27,7.86,-4.21,-0.18,0.17,0.1,22,11
17398,6.93,7.73,-5.56,-0.13,-0.2,-0.35,21,25
17420,4.37,7.46,-5.82,-0.28,-0.44,-0.74,26,24
17442,2.45,7.4,-6.23,-0.31,-0.28,-0.31,21,16
17464,3.23,7.34,-5.67,-0.22,-0.02,0.03,21,22
17486,4.02,7.3,-5.29,-0.17,-0.07,0.15,21,21
17508,4.31,7.1,-5.29,-0.07,0.01,0.27,21,19
17530,3.11,7.31,-5.89,0.03,0.24,0.44,23,20
17552,4.29,6.73,-5.13,0.31,0.41,0.45,22,22
17574,4.76,7.78,-6.98,0.46,0.51,0.35,19,20
17596,4.96,7.56,-6.22,0.25,0.18,0.06,20,14
17618,6.19,10.06,-7.54,0.32,0.36,-0.36,20,17
17640,5.84,8.52,-5.75,0.26,-0.29,-0.91,25,14
17667,3.27,9.64,-3.04,0.2,-0.49,-0.07,20,13
17689,3.24,7.31,-4.86,0.58,-0.73,0.71,22,16
17711,5.48,5.78,-8.16,0.1,-0.49,0.69,23,15
17733,4.37,5.39,-7.38,-0.2,-0.12,0.21,22,14
17755,4.04,6.05,-7.12,-0.19,-0.01,-0.23,23,14
17777,3.44,6.38,-7.24,-0.14,-0.02,-0.54,23,17
17799,2.21,6.9,-9.07,-0.28,0.1,-0.69,22,22
17821,2.76,8.11,-6.98,-0.67,0.55,-0.27,22,33
17843,4.0,9.13,-3.33,-0.35,0.4,0.07,26,27
17865,4.78,7.18,-4.45,-0.15,-0.02,0.12,20,19
17887,4.3,7.44,-5.94,0.0,-0.11,0.13,22,19
17909,3.45,7.25,-6.37,0.05,0.07,0.23,22,14
17931,2.82,7.19,-6.52,0.13,0.28,0.32,23,22
17953,3.7,6.74,-5.88,0.31,0.64,0.59,22,26
17975,5.27,6.96,-5.72,0.45,0.76,0.57,22,13
17997,7.1,8.35,-6.5,0.09,0.02,0.07,21,23
18019,2.94,7.69,-5.09,-0.05,-0.08,-0.14,23,10
18041,5.74,8.93,-6.83,-0.22,-0.3,-0.19,18,28
18063,5.43,7.85,-7.29,-0.69,-0.9,-0.75,22,30
18085,4.09,6.92,-5.05,-0.74,-0.81,-0.69,22,21
18107,3.6,6.78,-5.4,-0.61,-0.64,-0.58,19,22
18129,3.19,6.83,-6.05,-0.38,-0.19,-0.3,23,18
18151,4.07,6.92,-5.75,-0.07,0.09,0.02,20,26
18173,4.59,7.36,-5.47,-0.05,-0.0,-0.13,27,24
18195,3.15,7.5,-5.12,0.17,0.07,-0.04,21,22
18217,3.09,7.23,-5.3,0.43,0.15,0.2,20,17
18239,3.26,7.42,-6.05,0.58,0.25,0.5,22,17
18261,3.85,8.15,-6.94,0.52,0.51,0.72,21,15
18283,5.11,8.22,-6.63,0.25,0.41,0.57,22,11
18305,4.79,7.98,-6.14,0.0,0.01,0.17,22,11
18327,3.7,7.72,-6.22,-0.1,-0.04,0.14,21,16
18349,5.49,7.66,-7.11,-0.33,-0.13,0.01,21,22
18371,4.93,7.26,-6.42,-0.44,-0.26,-0.24,22,25
18393,4.01,6.23,-4.78,-0.13,-0.01,-0.33,24,27
18415,4.14,7.17,-5.04,0.16,0.11,-0.39,21,34
18437,3.76,7.89,-5.78,0.15,0.1,-0.21,22,27
18459,4.04,7.22,-5.15,0.11,0.06,-0.05,23,26
18481,4.04,7.87,-6.52,0.13,0.01,-0.07,21,31
18503,3.66,7.39,-5.99,0.06,0.05,-0.08,20,29
18525,4.13,7.54,-5.5,0.1,0.03,-0.05,22,25
18547,4.4,8.31,-5.18,0.2,0.01,-0.09,25,28
18569,4.03,9.54,-4.41,0.47,-0.15,-0.05,25,24
18591,2.51,9.77,-3.71,1.43,-0.56,0.48,21,20
18613,2.36,7.78,-6.69,1.54,-0.51,0.95,21,23
18635,2.92,7.6,-6.61,1.78,-0.28,1.05,20,20
18657,2.59,4.91,-9.43,1.61,-0.06,0.98,21,15
18679,3.42,4.71,-9.1,1.23,0.25,0.53,22,8
18701,2.94,4.49,-9.07,1.09,0.46,-0.11,23,9
18723,2.95,4.42,-8.68,1.07,0.57,-0.63,20,7
18745,3.46,3.77,-8.31,1.07,0.34,-1.24,21,11
18767,2.18,4.05,-8.49,1.05,0.07,-1.66,25,9
18789,1.69,3.85,-10.27,0.78,0.23,-1.8,22,11
18811,1.93,4.45,-9.99,0.31,0.63,-1.76,22,6
18833,3.09,5.63,-9.16,0.17,0.82,-1.72,26,10
18855,3.23,6.92,-9.23,0.11,0.92,-1.53,21,11
18877,4.22,5.47,-7.71,0.1,0.89,-1.38,21,10
18899,4.25,5.08,-7.2,0.05,0.82,-1.31,21,22
18921,4.87,6.46,-7.44,-0.1,0.76,-1.29,25,10
18943,4.98,7.05,-5.93,0.07,0.78,-1.06,21,12
18965,5.2,6.17,-6.63,0.33,0.6,-0.88,23,13
18987,5.12,5.9,-7.69,0.09,0.5,-0.79,22,17
19009,5.01,5.6,-7.94,-0.28,0.62,-0.69,20,10
19031,4.72,6.51,-6.81,-0.72,0.87,-0.58,23,17
19053,4.44,8.51,-5.57,-0.8,0.95,-0.26,21,18
19075,4.72,8.33,-4.88,-0.63,0.74,0.1,22,10
19097,4.83,7.02,-5.82,-0.62,0.42,0.17,19,13
19119,4.87,6.52,-5.84,-0.64,0.32,-0.07,20,5
19141,3.9,7.67,-5.42,-0.52,0.14,-0.29,24,1
19163,2.94,8.13,-6.04,-0.27,0.02,-0.35,20,10
19185,2.71,7.66,-6.74,-0.32,-0.01,-0.17,22,9
19207,3.47,7.21,-6.8,-0.35,0.17,0.12,23,12
19229,4.57,7.07,-5.95,-0.24,0.07,0.12,23,9
19251,4.39,6.31,-6.75,-0.08,-0.01,-0.03,24,6
19273,4.1,6.07,-7.46,-0.27,0.1,-0.14,20,10
19295,4.26,6.76,-6.72,-0.38,0.2,-0.15,21,13
19317,4.17,7.38,-5.97,-0.34,0.21,-0.08,20,5
19339,4.48,7.5,-5.73,-0.24,0.07,-0.04,25,11
19361,4.24,7.24,-6.06,-0.18,-0.08,-0.11,23,9
19383,4.14,6.97,-6.81,-0.31,-0.1,-0.18,21,17
19405,3.58,7.17,-6.5,-0.4,-0.04,-0.26,22,20
19427,3.28,7.34,-6.36,-0.34,-0.03,-0.14,22,15
19449,3.43,7.02,-6.62,-0.42,0.04,0.01,20,22
19471,3.61,7.46,-5.84,-0.35,0.08,0.08,26,28
19493,4.14,7.83,-5.42,-0.15,0.17,0.11,23,29
19515,3.48,7.49,-5.91,0.05,0.32,0.13,20,22
19537,3.74,7.48,-6.03,0.2,0.46,0.17,25,12
19559,4.44,7.61,-6.11,0.19,0.4,0.03,24,13
19581,5.54,7.09,-5.76,0.31,0.14,-0.33,24,16
19603,4.15,8.29,-6.1,-0.03,-0.17,-0.66,21,20
19625,2.42,7.94,-6.19,-0.27,-0.41,-0.46,22,26
19647,3.02,7.08,-5.54,-0.21,-0.27,-0.23,21,26
19674,4.24,6.98,-5.82,-0.22,-0.3,-0.04,23,25
19696,3.59,7.45,-5.19,-0.14,-0.15,0.22,21,30
19718,3.82,7.06,-5.85,0.02,-0.07,0.28,27,18
19740,3.62,7.13,-6.13,0.12,0.24,0.28,23,27
19762,3.99,8.43,-7.03,0.13,0.22,0.18,21,27
19784,4.48,8.19,-6.55,-0.04,0.01,-0.04,20,20
19806,4.18,7.63,-5.81,0.01,0.05,-0.07,23,27
19828,5.27,8.57,-6.91,-0.27,-0.25,-0.47,24,25
19850,3.82,7.9,-6.54,-0.38,-0.33,-0.89,20,19
19872,1.81,8.05,-5.75,-0.42,-0.24,-0.6,22,27
19894,2.42,7.59,-5.29,-0.33,-0.08,-0.4,20,17
19916,2.65,7.36,-4.91,-0.21,-0.0,-0.15,25,23
19938,4.44,7.22,-5.29,-0.01,0.07,0.16,23,21
19960,4.6,7.36,-5.44,-0.01,-0.14,-0.06,23,22
19982,1.97,8.2,-4.37,0.1,-0.18,0.25,19,23
20004,2.7,7.94,-6.0,0.12,-0.18,0.81,26,12
20026,5.23,7.47,-6.32,0.03,-0.13,0.46,22,20
20048,3.36,7.85,-6.73,0.02,-0.06,-0.12,23,17
20070,2.85,8.14,-5.74,0.09,0.14,0.1,23,15
20092,4.38,8.84,-5.5,0.2,0.15,0.15,20,18
20114,5.25,9.57,-3.07,0.46,-0.04,0.2,20,19
20136,4.52,7.23,-3.01,0.98,-0.62,0.31,20,16
20158,3.81,6.18,-7.6,0.8,-0.34,0.32,22,7
20180,3.52,6.96,-8.48,0.15,-0.1,0.23,20,7
20202,2.36,6.49,-7.52,-0.13,0.09,0.17,20,9
20224,2.5,6.29,-7.83,-0.16,0.01,-0.03,21,16
20246,2.08,6.45,-8.27,0.09,0.15,-0.12,23,8
20268,1.85,6.56,-9.14,-0.15,0.52,-0.07,20,19
20290,3.87,7.66,-6.15,-0.33,0.69,0.1,18,5
20312,4.55,7.64,-4.7,-0.1,0.44,0.12,20,8
20334,4.96,7.58,-5.32,0.04,0.21,0.02,21,6
20356,4.46,7.6,-6.06,-0.01,0.05,-0.07,21,12
20378,3.73,7.28,-6.23,-0.07,-0.02,-0.15,21,13
20400,3.31,6.99,-7.01,-0.16,0.08,-0.19,21,12
20422,3.68,7.02,-7.06,-0.37,0.22,-0.3,19,13
20444,3.93,8.83,-5.69,-0.26,0.21,-0.24,17,30
20466,3.85,7.58,-5.18,-0.27,0.02,-0.18,21,26
20488,4.22,7.12,-5.26,-0.13,-0.08,-0.1,19,18
20510,2.4,7.89,-6.28,-0.13,-0.05,0.09,20,21
20532,3.28,7.36,-6.0,0.06,0.27,0.44,20,26
20554,3.09,6.85,-5.85,0.12,0.49,0.51,22,32
20576,3.3,6.96,-5.36,0.27,0.66,0.32,20,25
20598,3.99,8.18,-6.25,0.28,0.51,0.33,20,20
20620,4.92,7.41,-5.78,0.03,0.12,0.02,25,20
20642,6.11,8.06,-6.65,-0.09,-0.36,-0.47,22,22
20664,3.51,7.62,-5.98,-0.28,-0.5,-0.51,24,31
20686,3.21,7.81,-6.4,-0.19,-0.26,-0.11,22,26
20708,3.25,7.15,-5.6,-0.17,-0.2,0.11,20,33
20730,2.86,7.55,-6.0,-0.18,-0.09,0.31,26,24
20752,3.77,7.02,-5.69,-0.05,0.06,0.32,23,26
20774,4.39,7.43,-6.28,0.01,0.03,0.05,20,38
20796,3.91,7.78,-5.63,0.02,0.11,0.01,20,30
20818,5.86,8.12,-6.71,0.03,-0.12,-0.48,23,25
20840,2.59,7.9,-6.47,-0.36,-0.52,-0.72,23,24
20862,2.45,7.3,-5.52,-0.34,-0.34,-0.34,21,20
20884,3.93,7.05,-6.02,-0.21,-0.19,-0.01,21,28
20906,3.37,7.65,-6.16,-0.13,-0.13,0.06,20,27
20928,3.23,7.9,-5.19,-0.05,-0.01,0.21,23,21
20950,3.74,8.24,-4.78,0.13,0.06,0.45,20,20
20972,4.48,8.76,-4.01,0.4,0.05,0.51,26,19
20994,4.77,9.05,-3.66,0.88,-0.5,0.37,22,20
21016,3.88,6.46,-7.72,0.74,-0.72,0.29,28,23
21038,2.78,6.61,-9.43,-0.06,-0.42,0.34,22,21
21060,3.14,7.18,-6.8,-0.49,-0.12,0.49,19,15
21082,3.78,6.53,-6.17,-0.27,-0.09,0.37,26,16
21104,3.98,6.12,-7.45,-0.34,-0.01,0.12,14,17
21126,3.45,6.44,-7.02,-0.36,0.11,0.02,25,19
21148,3.13,7.36,-7.11,-0.35,0.41,0.08,21,16
21170,3.81,8.62,-5.17,-0.27,0.49,0.18,20,14
21192,4.54,7.38,-5.07,0.09,0.25,0.19,19,15
21214,4.42,7.89,-5.43,0.16,0.13,0.06,23,18
21236,3.39,7.9,-6.17,0.02,0.05,-0.1,20,7
21258,4.08,7.37,-5.71,0.09,0.13,-0.08,25,14
21280,4.96,7.79,-7.27,0.01,-0.07,-0.51,29,16
21302,3.28,7.82,-5.55,-0.1,-0.1,-0.31,22,27
21324,3.31,7.91,-5.52,-0.13,-0.2,-0.18,26,24
21346,3.14,8.24,-6.04,-0.33,-0.32,-0.04,22,28
21368,2.71,7.71,-6.04,-0.36,-0.19,0.34,21,26
21390,4.26,7.01,-6.41,-0.36,-0.29,0.1,21,26
21412,4.78,6.91,-6.27,-0.26,-0.14,-0.2,20,24
21434,3.64,6.9,-5.3,0.01,-0.03,-0.45,20,27
21456,3.17,7.65,-5.22,0.18,0.08,-0.32,21,24
21478,3.39,7.76,-5.54,0.16,0.11,-0.12,23,28
21500,3.86,7.69,-5.48,0.16,0.0,-0.1,22,28
21522,1.84,8.16,-5.86,0.21,0.11,0.16,23,22
21544,3.31,8.2,-6.69,0.05,0.08,0.31,20,32
21566,3.79,8.11,-5.35,0.08,0.18,0.07,26,28
21588,6.2,9.34,-3.87,0.15,-0.03,-0.08,20,22
21610,5.26,9.59,-0.77,1.13,-0.62,-0.08,19,6
21632,3.38,6.66,-5.95,1.1,-0.6,-0.03,21,12
21654,5.04,6.28,-8.18,0.3,-0.63,0.01,25,14
21681,3.11,6.77,-7.64,-0.22,-0.04,-0.05,19,13
21703,1.04,6.15,-7.29,-0.1,-0.01,-0.01,25,8
21725,1.01,5.92,-8.92,0.04,0.15,0.07,22,11
21747,1.73,6.0,-9.32,0.04,0.23,-0.2,22,7
21769,1.8,6.74,-8.32,-0.14,0.76,-0.21,20,9
21791,3.47,7.6,-6.05,-0.26,0.8,0.02,22,15
21813,4.63,7.59,-4.7,-0.2,0.54,0.12,23,16
21835,5.33,7.27,-5.1,-0.13,0.41,-0.03,19,4
21857,3.99,7.69,-5.3,-0.2,0.24,-0.08,21,7
21879,3.99,7.2,-6.29,-0.23,0.14,-0.1,23,10
21901,3.9,7.33,-7.07,-0.43,0.13,-0.26,26,12
21923,2.63,9.48,-4.68,-0.09,0.09,-0.12,18,15
21945,2.95,8.03,-5.11,-0.17,0.01,-0.15,19,29
21967,4.0,7.66,-5.86,-0.24,-0.19,-0.22,26,29
21989,3.56,7.33,-5.98,-0.13,-0.14,-0.11,22,22
22011,3.38,7.4,-6.47,-0.07,-0.07,-0.01,21,28
22033,3.29,7.4,-5.74,-0.04,0.03,0.13,23,22
22055,3.93,7.6,-5.29,0.06,0.14,0.28,22,34
22077,3.68,7.35,-5.64,0.2,0.26,0.32,19,27
22099,3.56,7.46,-5.96,0.31,0.39,0.37,20,14
22121,3.52,7.63,-6.17,0.37,0.52,0.5,19,6
22143,5.67,8.01,-6.92,0.08,0.12,0.23,21,12
22165,3.27,7.65,-4.89,-0.07,0.02,-0.02,24,4
22187,4.31,7.93,-6.2,-0.01,-0.0,0.0,22,10
22209,4.75,7.87,-6.11,-0.25,-0.32,-0.34,23,22
22231,4.81,7.74,-6.17,-0.41,-0.51,-0.59,21,21
22253,3.15,7.71,-5.72,-0.42,-0.52,-0.56,21,34
22275,3.77,7.55,-5.78,-0.35,-0.4,-0.3,20,26
22297,3.73,6.91,-5.77,-0.19,-0.09,-0.05,22,14
22319,4.22,7.53,-6.01,-0.09,-0.13,-0.05,21,21
22341,2.76,8.19,-5.73,-0.13,-0.15,0.12,18,16
22363,3.6,7.82,-4.96,0.06,0.02,0.38,21,18
22385,3.87,7.66,-5.66,0.24,0.09,0.37,22,16
22407,4.19,8.69,-4.6,0.63,0.1,0.22,20,22
22429,3.33,6.68,-6.23,0.92,-0.01,0.21,25,20
22451,3.61,6.01,-8.09,0.58,0.29,0.19,22,16
22473,4.19,6.42,-7.52,0.3,0.56,-0.05,22,7
22495,4.53,6.68,-7.61,-0.01,0.52,-0.38,21,11
22517,3.83,6.9,-6.99,-0.44,0.45,-0.51,21,14
22539,3.09,12.75,-2.36,-0.33,0.2,-0.26,21,13
22561,3.79,7.17,-5.25,-0.24,-0.38,-0.08,20,16
22583,4.3,8.08,-6.52,-0.32,-0.54,0.13,22,33
22605,2.58,7.29,-6.32,-0.15,-0.4,0.17,20,26
22627,2.86,7.6,-6.38,0.05,0.13,0.08,20,22
22649,3.82,8.22,-5.35,0.18,0.39,0.12,19,26
22671,5.99,9.3,-2.94,0.55,0.07,-0.05,20,18
22693,5.28,7.51,-3.38,1.08,-0.46,-0.12,19,13
22715,4.54,6.56,-7.28,0.99,-0.9,-0.38,21,13
22737,2.28,6.82,-10.1,-0.31,0.23,-0.17,21,8
22759,2.13,7.47,-6.22,-0.58,0.27,0.26,23,8
22781,3.0,6.42,-5.83,-0.28,0.1,0.02,21,6
22803,2.85,5.93,-7.58,-0.01,-0.06,-0.3,22,13
22825,1.36,6.49,-9.21,-0.09,0.09,-0.47,19,8
22847,1.6,7.06,-7.89,-0.45,0.58,-0.02,21,10
22869,4.3,7.81,-5.53,-0.51,0.65,0.16,20,20
22891,5.64,7.5,-4.65,-0.48,0.35,-0.08,22,16
22913,4.0,9.73,-2.97,-0.17,0.01,-0.23,17,25
22935,3.79,7.32,-5.79,-0.04,-0.31,-0.18,24,30
22957,3.23,7.6,-6.67,-0.09,-0.24,0.0,23,35
22979,2.77,7.8,-6.3,-0.05,-0.06,0.18,20,31
23001,3.46,7.54,-5.9,0.01,0.14,0.34,22,30
23023,3.15,7.78,-5.97,0.09,0.32,0.44,23,25
23045,2.47,6.87,-5.51,0.27,0.49,0.58,23,17
23067,5.56,8.15,-6.68,0.11,0.07,0.14,20,15
23089,3.48,7.55,-5.42,0.05,0.03,-0.04,24,15
23111,4.51,8.0,-6.52,-0.05,-0.15,-0.23,23,19
23133,4.14,7.78,-7.06,-0.31,-0.47,-0.55,22,25
23155,2.31,7.33,-5.68,-0.2,-0.2,-0.3,22,33
23177,3.38,7.37,-5.88,-0.17,-0.15,-0.05,22,21
23199,4.04,7.54,-5.95,-0.1,-0.12,-0.05,22,27
23221,2.84,7.77,-5.71,-0.13,-0.14,0.1,21,26
23243,3.79,7.52,-5.45,-0.01,-0.07,0.27,22,23
23265,3.63,7.35,-5.79,0.03,0.0,0.38,22,22
23287,3.62,7.41,-5.79,0.18,0.26,0.4,22,27
23309,4.26,7.83,-6.76,0.08,0.09,0.19,20,11
23331,3.57,7.84,-5.22,0.03,0.11,0.03,24,11
23353,4.58,7.72,-6.18,-0.05,-0.13,-0.21,22,24
23375,3.72,7.59,-5.84,-0.23,-0.3,-0.57,22,26
23397,3.06,7.9,-6.32,-0.32,-0.33,-0.3,19,26
23419,3.37,7.35,-5.92,-0.26,-0.21,-0.08,21,24
23441,3.1,7.98,-6.36,-0.22,-0.16,0.05,22,19
23463,3.01,7.6,-5.7,-0.17,-0.13,0.26,22,25
23485,3.58,7.88,-5.51,-0.02,0.05,0.24,20,24
23507,3.47,7.91,-5.44,0.14,0.23,0.13,20,17
23529,4.02,7.95,-5.06,0.33,0.38,0.13,22,21
23551,6.04,9.46,-4.28,0.46,0.09,0.09,26,22
23573,5.52,7.88,-2.38,1.26,-0.46,-0.13,21,16
23595,3.55,6.47,-8.19,0.78,-0.32,-0.14,21,17
23617,3.08,7.72,-9.06,-0.02,0.04,0.11,23,6
23639,2.34,7.3,-6.34,-0.24,0.12,0.2,21,17
23661,2.19,6.17,-6.56,0.09,-0.09,0.1,22,10
23688,2.06,6.18,-8.93,0.17,-0.05,-0.14,20,10
23710,1.21,6.41,-9.81,-0.21,0.43,-0.2,20,12
23732,2.72,7.62,-6.96,-0.46,0.85,0.06,19,9
23754,4.52,7.97,-4.48,-0.35,0.71,0.14,22,14
23776,5.61,7.66,-4.02,-0.1,0.41,0.01,22,10
23798,4.99,7.67,-5.03,0.06,0.06,-0.13,19,17
23820,3.75,7.4,-6.02,-0.01,-0.1,-0.08,18,13
23842,3.3,7.04,-6.87,-0.1,0.03,-0.03,23,14
23864,3.51,7.2,-7.33,-0.28,0.22,-0.08,29,11
23886,3.41,7.97,-6.28,-0.11,0.08,-0.02,20,10
23908,3.73,8.01,-5.21,-0.08,0.0,0.04,23,10
23930,3.65,7.88,-5.49,-0.05,-0.05,-0.03,21,18
23952,4.72,8.37,-6.9,-0.32,-0.31,-0.36,19,33
23974,2.35,7.71,-5.46,-0.38,-0.3,-0.47,21,22
23996,2.65,7.4,-5.85,-0.2,-0.18,-0.19,22,23
24018,3.37,7.29,-5.54,-0.09,0.02,-0.06,19,21
24040,4.05,7.6,-6.03,-0.02,0.01,-0.01,22,26
24062,3.65,7.56,-5.54,-0.01,0.0,-0.07,22,17
24084,2.77,7.74,-5.25,0.12,0.06,0.14,21,23
24106,3.12,7.79,-5.78,0.27,0.31,0.44,18,12
24128,3.93,7.52,-5.8,0.35,0.45,0.53,21,14
24150,5.54,8.05,-6.93,0.08,0.06,0.12,20,14
24172,4.2,7.75,-6.17,-0.01,0.06,0.01,21,12
24194,3.96,7.75,-6.15,-0.14,-0.1,0.04,21,13
24216,3.67,7.73,-5.94,-0.21,-0.21,0.22,22,11
24238,4.38,6.85,-5.23,-0.09,-0.22,0.32,22,22
24260,4.27,7.22,-6.59,-0.02,0.01,0.04,22,17
24282,3.1,7.9,-5.59,0.0,0.18,0.03,20,11
24304,4.51,7.7,-5.17,0.14,0.22,0.03,21,16
24326,6.07,8.35,-5.17,0.29,0.05,-0.35,20,11
24348,4.39,8.89,-2.43,0.95,-0.2,-0.27,22,9
24370,5.11,6.72,-4.4,1.21,-0.53,-0.17,22,5
24392,3.42,6.79,-12.59,0.29,0.14,-0.31,21,15
24414,2.65,7.26,-6.48,-0.61,0.28,0.18,24,9
24436,3.84,7.3,-5.2,-0.25,0.23,0.14,19,16
24458,2.96,6.27,-6.58,0.08,-0.08,-0.08,22,10
24480,2.15,6.32,-8.73,0.2,-0.14,-0.28,19,13
24502,0.92,6.09,-10.56,-0.13,0.2,-0.18,22,14
24524,2.75,7.2,-7.53,-0.48,0.72,0.14,20,1
24546,4.73,7.71,-4.91,-0.36,0.66,0.12,25,10
24568,5.37,7.34,-4.43,-0.17,0.37,-0.03,23,10
24590,4.9,8.01,-4.75,-0.05,0.13,-0.13,21,10
24612,3.84,7.81,-5.5,0.08,-0.06,-0.07,22,15
24634,3.62,7.31,-6.58,0.08,0.01,-0.04,25,13
24656,3.62,7.21,-7.11,-0.05,0.13,-0.07,20,10
24678,3.54,7.21,-6.42,-0.19,0.19,-0.01,21,20
24700,4.02,8.27,-5.49,-0.12,0.15,0.07,24,13
24722,4.06,7.49,-5.82,-0.08,0.04,0.06,20,11
24744,4.09,7.76,-5.97,-0.08,-0.04,-0.03,21,11
24766,3.63,7.7,-5.71,0.03,0.05,0.02,21,12
24788,5.78,8.46,-6.94,-0.18,-0.2,-0.33,27,27
24810,3.29,7.87,-5.82,-0.29,-0.43,-0.64,22,26
24832,2.99,7.92,-5.71,-0.24,-0.26,-0.29,22,27
24854,3.81,7.24,-6.17,-0.09,-0.08,-0.04,21,25
24876,3.72,7.77,-5.8,-0.11,-0.15,0.01,21,27
24898,2.95,7.95,-5.76,-0.04,-0.08,0.28,23,31
24920,4.37,7.62,-5.71,0.07,-0.08,0.28,23,27
24942,2.99,7.16,-5.9,0.14,0.14,0.34,19,20
24964,4.36,8.43,-6.49,0.11,0.22,0.26,19,17
24986,3.29,7.65,-5.93,-0.02,0.07,-0.0,27,10
25008,4.0,7.84,-6.36,-0.1,-0.07,-0.16,21,22
25030,4.48,8.25,-6.09,-0.24,-0.22,-0.38,21,33
25052,2.56,7.28,-5.01,-0.25,-0.32,-0.22,23,22
25074,3.07,7.85,-5.94,-0.23,-0.18,-0.06,19,19
25096,3.3,7.6,-5.67,-0.18,-0.18,0.07,18,18
25118,3.08,7.25,-5.07,-0.12,-0.15,0.31,22,19
25140,2.68,6.75,-6.02,-0.05,-0.1,0.38,22,25
25162,3.5,7.2,-5.96,0.25,0.26,0.38,22,17
25184,3.82,8.35,-6.47,0.24,0.33,0.27,20,10
25206,3.79,8.28,-6.2,0.02,0.21,0.07,21,9
25228,3.87,7.61,-5.33,0.01,0.06,0.01,22,9
25250,3.9,7.66,-5.84,0.06,0.03,-0.02,21,23
25272,3.83,7.72,-5.88,0.07,0.02,-0.04,21,18
25294,4.39,8.06,-5.12,0.2,0.05,-0.05,19,16
25316,4.72,9.53,-3.44,0.45,-0.14,-0.17,19,17
25338,4.32,8.2,-3.46,0.99,-0.58,0.11,22,9
25360,4.75,6.79,-6.37,0.88,-0.82,0.05,22,9
25382,3.56,6.08,-9.18,0.04,-0.34,0.04,22,5
25404,2.47,6.86,-8.54,-0.47,0.38,0.17,24,12
25426,2.47,7.08,-6.29,-0.53,0.36,0.21,20,12
25448,3.37,6.66,-6.25,-0.14,0.19,-0.01,23,9
25470,2.71,6.56,-7.44,0.08,0.01,-0.28,23,11
25492,1.72,7.06,-8.8,-0.19,0.34,-0.18,22,3
25514,3.25,8.11,-6.13,-0.38,0.63,0.13,27,14
25536,4.47,8.11,-4.47,-0.24,0.36,0.25,21,10
25558,5.14,7.55,-4.14,0.06,0.05,0.09,21,11
25580,4.31,7.73,-5.64,0.2,-0.12,-0.05,22,14
25602,3.36,7.67,-6.26,0.16,-0.12,-0.02,21,9
25624,3.5,7.19,-6.58,0.15,-0.07,0.0,22,14
25646,3.82,7.05,-6.82,0.1,0.05,-0.08,20,13
25668,3.45,7.16,-6.58,0.08,0.14,-0.15,22,8
25695,3.59,7.36,-6.22,0.13,0.25,-0.08,20,15
25717,4.07,7.18,-6.41,0.1,0.25,-0.09,22,14
25739,4.16,7.18,-6.31,0.01,0.21,-0.1,22,17
25761,3.94,7.23,-6.11,-0.08,0.18,-0.13,22,11
25783,3.92,7.41,-6.11,-0.1,0.15,-0.12,19,13
25805,3.82,7.14,-6.56,-0.17,0.15,-0.17,22,14
25828,3.8,6.96,-6.86,-0.32,0.27,-0.18,22,13
25851,3.68,10.13,-3.23,0.01,0.12,-0.03,22,9
25873,4.0,7.68,-4.92,-0.1,-0.16,0.06,23,11
25896,3.66,8.33,-6.01,-0.15,-0.38,0.19,21,17
25919,3.07,7.74,-6.51,-0.15,-0.26,0.25,21,14
25942,3.18,7.88,-6.93,-0.16,-0.02,0.03,20,10
25965,4.56,7.17,-6.58,-0.29,-0.13,-0.24,22,22
25988,4.23,6.85,-5.4,-0.13,-0.04,-0.5,22,24
26011,3.01,7.13,-5.57,0.04,0.17,-0.38,26,24
26033,3.66,7.88,-5.39,0.06,0.21,-0.13,20,21
26055,3.99,7.39,-5.77,-0.01,-0.06,-0.06,19,27
26078,2.48,7.89,-6.01,-0.09,-0.11,0.13,21,24
26101,2.84,7.47,-5.29,-0.01,-0.09,0.64,21,14
26124,4.49,7.25,-6.29,0.0,-0.13,0.64,26,13
26146,4.45,7.48,-7.11,0.09,0.14,0.36,27,12
26168,3.39,7.85,-6.74,-0.02,0.1,-0.03,20,9
26191,3.79,7.64,-5.82,0.06,0.22,0.08,20,17
26213,5.72,7.57,-6.14,-0.05,-0.08,-0.35,20,17
26236,3.59,8.39,-6.18,-0.36,-0.28,-0.68,27,23
26259,2.64,7.57,-5.91,-0.28,-0.28,-0.21,21,26
26282,3.21,7.09,-5.27,-0.15,-0.21,0.01,22,28
26304,3.11,7.88,-5.58,-0.17,-0.18,0.13,21,19
26327,2.59,7.98,-5.54,-0.11,-0.01,0.26,21,25
26350,3.76,7.69,-5.6,0.07,0.13,0.27,26,20
26372,3.91,7.68,-5.16,0.29,0.36,0.2,21,23
26394,4.7,8.31,-4.95,0.45,0.33,0.19,22,13
26416,5.22,8.72,-3.71,0.88,-0.2,0.0,22,7
26438,4.28,6.77,-6.04,0.95,-0.7,-0.21,21,9
26461,2.26,6.13,-11.48,0.17,-0.43,-0.27,25,10
26483,1.48,7.24,-8.59,-0.59,0.35,0.34,20,12
26505,3.23,7.59,-5.5,-0.86,0.45,0.77,20,9
26527,5.03,6.6,-4.38,-0.39,0.07,0.44,21,8
26549,4.62,6.43,-5.04,0.16,-0.27,-0.15,22,15
26572,2.01,7.09,-9.37,0.08,0.05,-0.3,21,12
26594,2.26,7.88,-7.06,-0.25,0.38,0.23,20,10
26616,4.02,7.06,-5.5,-0.11,0.5,0.3,23,6
26638,5.09,6.77,-6.31,-0.17,0.42,0.05,21,13
26660,4.22,9.47,-3.29,0.09,0.14,-0.01,19,7
26682,3.74,7.94,-4.76,-0.02,-0.2,-0.08,26,7
26705,3.64,7.97,-6.11,-0.02,-0.1,-0.1,22,10
26728,5.15,7.8,-6.85,-0.2,-0.26,-0.29,23,21
26751,3.89,7.75,-5.68,-0.33,-0.27,-0.49,25,33
26774,3.25,7.71,-5.51,-0.25,-0.24,-0.3,22,27
26796,4.12,7.47,-5.97,-0.17,-0.23,-0.19,22,34
26819,3.34,7.69,-5.97,-0.13,-0.18,-0.04,22,22
26842,2.82,7.53,-5.66,-0.07,-0.02,0.29,22,17
26865,4.36,7.08,-5.5,0.08,0.05,0.36,22,22
26887,3.52,7.44,-5.85,0.19,0.17,0.31,23,22
26909,3.61,7.63,-5.57,0.3,0.2,0.36,19,8
26931,5.17,7.98,-6.72,0.07,-0.07,0.06,17,15
26953,2.67,7.9,-5.33,0.04,0.01,-0.05,21,16
26975,4.13,8.13,-6.66,-0.04,-0.05,-0.05,21,15
26998,5.59,8.1,-6.74,-0.33,-0.26,-0.47,23,25
27021,4.57,7.88,-6.41,-0.4,-0.31,-0.53,20,27
27044,3.16,7.99,-5.77,-0.45,-0.18,-0.42,20,21
27067,2.76,7.75,-5.71,-0.36,-0.11,-0.37,26,24
27090,2.73,7.56,-5.46,-0.14,0.16,-0.2,23,23
27113,2.66,7.98,-5.69,-0.04,0.39,-0.22,21,18
27136,3.17,7.46,-5.55,0.01,0.38,-0.06,22,19
27158,5.34,6.79,-4.02,0.18,0.11,0.11,24,13
27180,3.9,6.64,-3.75,0.53,0.07,0.1,19,17
27202,2.84,8.56,-7.16,0.39,-0.11,0.46,22,27
27224,2.22,8.22,-6.54,0.12,0.06,0.96,19,23
27246,4.73,7.56,-7.05,-0.09,-0.09,0.3,21,16
27268,3.4,7.89,-5.45,0.1,0.08,-0.01,19,21
27290,3.78,8.57,-5.64,-0.0,-0.03,0.08,19,19
27312,4.7,9.29,-3.54,0.31,-0.28,0.26,26,20
27334,3.6,7.44,-3.85,0.72,-0.83,0.4,18,17
27356,3.73,6.15,-8.21,0.49,-0.87,0.58,18,11
27378,3.42,6.22,-8.35,0.06,-0.54,0.49,22,17
27400,2.95,6.32,-7.33,0.09,-0.11,0.34,24,21
27422,2.75,6.45,-8.26,-0.03,0.14,0.21,21,4
27444,3.48,6.81,-8.14,-0.37,0.43,-0.0,20,8
27467,3.59,7.47,-5.63,-0.4,0.5,-0.1,20,5
27490,4.09,8.3,-5.01,-0.18,0.47,0.01,21,15
27512,4.44,8.36,-4.68,-0.03,0.23,0.07,21,12
27534,4.32,7.53,-5.61,0.05,-0.09,-0.02,21,16
27557,3.68,7.24,-6.74,0.02,-0.07,-0.07,24,14
27579,3.4,7.03,-7.16,-0.12,0.06,-0.06,23,15
27602,3.92,6.94,-6.89,-0.26,0.21,-0.1,20,10
27625,3.81,8.71,-5.03,-0.2,0.21,-0.02,21,15
27648,4.36,7.35,-5.07,-0.13,-0.02,0.05,23,18
27671,5.07,7.51,-5.42,-0.04,-0.15,-0.04,26,8
27699,3.23,7.83,-6.11,-0.1,-0.18,0.1,26,12
27722,2.55,7.65,-6.63,-0.17,-0.03,0.37,21,9
27744,4.06,7.4,-7.14,-0.15,-0.08,0.15,25,24
27767,3.47,8.16,-6.55,-0.15,0.22,0.17,24,30
27789,5.76,7.73,-5.89,-0.3,-0.05,-0.11,23,30
27812,4.05,7.18,-5.12,-0.17,-0.15,-0.43,21,29
27835,3.7,6.93,-5.54,-0.01,-0.01,-0.69,22,34
27858,2.61,8.31,-6.31,-0.02,0.14,-0.29,19,32
27880,4.39,7.47,-6.08,-0.02,-0.03,-0.02,22,33
27903,4.14,7.6,-5.71,-0.03,-0.11,-0.1,22,38
27926,1.99,7.99,-5.44,-0.09,-0.15,0.29,21,31
27949,4.54,7.08,-5.15,-0.01,-0.24,0.56,22,25
27972,3.77,7.61,-6.57,-0.13,-0.17,0.18,20,25
27994,3.16,8.08,-6.6,-0.14,-0.08,-0.0,20,37
28017,4.46,8.26,-6.71,-0.26,-0.07,-0.1,21,34
28040,4.0,7.58,-5.94,-0.36,-0.23,-0.33,27,30
28063,2.53,7.58,-6.01,-0.38,-0.18,-0.31,22,24
28085,3.9,7.89,-5.96,-0.29,-0.07,-0.38,21,26
28108,2.46,7.18,-5.76,-0.26,0.1,-0.41,23,20
28131,3.01,8.6,-5.75,-0.19,0.15,-0.47,26,12
28153,3.05,7.95,-4.87,-0.02,0.33,-0.18,21,20
28176,4.12,7.72,-4.59,0.03,0.18,0.02,21,18
28198,4.53,6.9,-4.12,0.21,0.0,-0.18,25,18
28220,3.38,7.26,-4.24,0.59,-0.04,-0.13,21,21
28243,2.4,8.23,-6.53,0.44,-0.1,0.31,24,21
28265,3.16,9.11,-6.98,0.12,-0.01,0.7,21,22
28287,3.76,7.42,-6.3,-0.09,-0.04,0.8,21,19
28310,3.48,7.82,-6.59,-0.16,-0.11,0.57,25,18
28333,3.69,7.58,-6.01,0.04,-0.05,0.13,20,12
28355,2.91,8.09,-5.46,0.1,0.16,0.04,25,8
28377,3.93,7.69,-5.16,0.21,0.21,0.09,23,10
28399,5.37,8.01,-5.72,0.25,0.03,-0.21,23,9
28421,3.57,8.74,-4.44,0.44,-0.11,-0.28,21,9
28444,2.28,7.92,-6.06,0.52,-0.4,0.18,20,17
28466,3.78,6.87,-6.96,0.29,-0.29,0.43,21,12
28488,3.9,6.2,-7.57,0.01,-0.24,0.21,21,14
28510,3.29,6.23,-7.75,-0.28,-0.0,0.05,25,11
28532,3.58,6.45,-7.54,-0.53,0.19,-0.06,23,3
28555,3.84,6.47,-7.75,-1.02,0.34,-0.18,22,12
28578,4.87,6.26,-7.06,-0.44,0.07,0.04,23,23
28600,5.01,7.65,-4.85,-0.17,-0.01,0.08,21,25
28622,4.23,7.77,-4.74,0.02,0.0,-0.07,22,20
28644,3.51,7.92,-5.4,0.17,0.05,-0.1,22,20
28666,2.99,8.33,-5.53,0.32,0.33,0.01,22,14
28688,3.84,10.55,-3.79,0.71,0.28,0.15,22,6
28710,3.52,8.82,-2.44,1.74,-0.09,0.38,23,8
28732,4.02,6.1,-5.33,1.93,-0.12,0.68,22,11
28754,6.0,6.42,-6.94,1.85,0.04,0.53,22,12
28776,5.59,6.03,-6.48,1.74,-0.57,0.1,22,2
28798,4.59,5.69,-7.69,1.62,-1.07,-0.31,20,5
28821,4.64,5.56,-8.42,1.48,-1.37,-0.73,24,7
28844,4.91,5.41,-8.2,1.29,-1.97,-1.43,22,8
28867,5.14,6.61,-9.46,0.6,-2.16,-2.69,23,2
28890,3.91,6.49,-9.0,-0.21,-2.6,-3.63,20,5
28913,1.21,6.08,-8.1,-0.42,-2.4,-4.08,20,0
28936,0.54,5.79,-8.2,-0.56,-1.89,-4.38,22,4
28959,-0.06,4.26,-8.42,-1.01,-1.55,-4.6,24,3
28982,-0.86,3.15,-7.98,-1.68,-1.36,-4.83,22,3
29005,-1.2,1.32,-7.09,-2.17,-1.02,-4.96,20,10
29028,-2.26,2.17,-5.6,-2.3,-0.43,-5.17,22,2
29051,-3.5,1.92,-4.59,-2.1,-0.31,-5.55,19,13
29074,-5.97,1.42,-6.17,-2.29,-0.6,-5.95,21,8
29097,-8.56,0.54,-7.07,-2.66,-0.86,-5.38,21,7
